{"version":2,"hash":{"type":"Buffer","data":"KZoGd2JwnAYUaN/tDUOYnnlQgo4RWUKHqV+oMf/XQRI6GyA4uAghdU6CcCgnQoViyTsE+CPOcjzNJfwuBciBsIblTNA4mPklNIvTOSPueFmtoQWoSD2hslwo0qIK3rIrw3rDWMAY+fuOU7IPSLRTWBS0cRYQCaEYfjvfTPLT5rA="},"indexValueMap":{"Oz8MAIFePaG1VkBwzSXCgqed/gKc5dPfoiXF7A/TkyU=":{"valueMac":{"type":"Buffer","data":"cWkxJPkJEiiVD4SU5ukPOrkalidnTIiH5Ec0wrnT5dY="}},"7uNgpFF1VLbaRIVIhPl+YQxVjz73WFZj9BZdbDDg6vg=":{"valueMac":{"type":"Buffer","data":"jJEeLlgIY5MDzKDr5z9KGyAo2LOgE4FdrNp9g/KljPE="}},"00jWnV7R53buK28tTAtoMPQ8UEhJJetARjeqmdBHAkk=":{"valueMac":{"type":"Buffer","data":"zxazIfyaX2SHdBsWA+peMdkzkvqwrXEijJUqtxkziPU="}},"wVp49i4qaqenEG7cinMHoQTZpbgUVszsewVNKIOqyCI=":{"valueMac":{"type":"Buffer","data":"Z7wQ/YcvZs7G2rJ+3B0Fh8ktc6cHZcopZKUZGIYdMDo="}},"G25XkXf4ZUzVdPyClesYelh1wTch9rL3ZPy4ioBjkFE=":{"valueMac":{"type":"Buffer","data":"d271ZN7Tw78hyEGvF1KO9iyQi3aBZRoJ6qYa31VIsLw="}},"RG01rLbs4urXOHi8Bp5u4k8kCkXvzL0CtZkCBscDybA=":{"valueMac":{"type":"Buffer","data":"yxdJFGF4cSNCG11cF61WLbVklverNe1vCHalOFCGLYk="}},"BznscdFJiaKOE0rIUsBExco/GjJpFtWN7SPbKEGnJMU=":{"valueMac":{"type":"Buffer","data":"ydy4LdbTlUF8A2lBojiaAJwLOv+HJvu2phwqANdezq8="}},"8E4Ha1NiXEISvnlJ5sbK0g/EVNg/wpAacaiw/i3Ux1k=":{"valueMac":{"type":"Buffer","data":"VZFFja80uCS3eX1aANsablNDIdoUpHFxRi1y80IRB84="}},"ncj2/McA4cLJLRCfth0eUGbDDruHEWbToR7JhGh7XRI=":{"valueMac":{"type":"Buffer","data":"Gya+vUbAftpYD0jbtYEPdcR+njDZKmR2MwNqik6v8HA="}},"5tSNOr5vuWAuqk7iW//Q9mxx2ApIjKdYpvw/2oziK4g=":{"valueMac":{"type":"Buffer","data":"mjlMKBAzGFP89f3/q4MowgNu+geiMThtGdnGI0HZPyE="}},"JOmu01BI4VEgmElRHwX0kS34yDLVrQE5eM8cRj20Vfg=":{"valueMac":{"type":"Buffer","data":"yv9GT4pEoQatGNTP+4S2SYB7VhcBzG6bQsvgL8RVYwg="}},"KjdICS3pob/u+CSFHrjg2DPlERDgrIbCU+TiAzlYvg0=":{"valueMac":{"type":"Buffer","data":"429ZhDjx3sxnUSvwEDYyvdq1PBOY+w1LazWmufRAW2U="}},"E3nco1xtijt5MJl/e7kcZ0dd+Bxe2rjHNEfVOjSL/So=":{"valueMac":{"type":"Buffer","data":"rnlbC6aSJ54W6zYmvgT2Rn59b8u07TQ1gJHoNv/hsWM="}}}}