{"version":6,"hash":{"type":"Buffer","data":"jwsgEmXjDd0bQckUbruAYkYFkv7MJg4IsMGqvczZl2Pr7157ZXUDQ3MoLFbxPowt9czRmrGjZOL/sGz40hQ+C3C/1APRYs0Q/e73IljBiuLzHQJ2FxP1pBnf9lbig+YL2uGk7bUOmUtL5zYLYlBvQuZsXtuhSYURdP9uhYlU+K4="},"indexValueMap":{"R/HGAuuXx3lfgRTPEjOg5J9eyDpCzZUvcZmYkmz0+8s=":{"valueMac":{"type":"Buffer","data":"d/Z5mKfGGRCKH2ZHEqFGw/v5MVt68q4fEPzDsvvDdFo="}},"qn95MRrXRLYyZCho0/KY1tNfqDTwTrZmDMdaRT3Fnig=":{"valueMac":{"type":"Buffer","data":"hHmTVF/dW2ut/gKvRPFWYgKXbts5gDUCDOFh5m7cInQ="}},"YTBbWRooWYynqu3Oo+kDqU/gO9+2QCKq4zAvVo3TAjc=":{"valueMac":{"type":"Buffer","data":"tbSmBIvP9iL8dKaTYg6ymygfkjSPifr76VYiXTSqiSs="}},"BXAg355eDxxYkz91wBLYRQqIcIEzZdq+sWwDkl3A7c4=":{"valueMac":{"type":"Buffer","data":"OJAz9DqzhX1PKXHVY3M86hlJlxY1CFIe8soCiEUTNck="}},"EJ0aIz3kU/gakbHYTq37fYJWJXk84n674zH+kxH2NIk=":{"valueMac":{"type":"Buffer","data":"E2L/LUDsnD09WFKPGqUlojMfuYDdwKthzkMeBcqBQKg="}},"rFbr9kKeRj/SwX/hqrQUsD3I0uriixaMMCUtiZ8V/nw=":{"valueMac":{"type":"Buffer","data":"bVw/+euRQwRi7CNR75BvGyzkbB+NMCUCmQ7/KxnDcas="}},"El7Hq5vjeTIxrueJmsYsBLWYQaK9C2/40FDCjY/DCbg=":{"valueMac":{"type":"Buffer","data":"Fy+oTf0isLYc3kcgDdNVjFkCq/uKRBIKPEBqC284Ank="}},"aKvFQX005lp0rnqE9TPc0KdURo/aN5e1SJ5DF2OqQ04=":{"valueMac":{"type":"Buffer","data":"W4MxKGXsXTsVMplUvcVhXG0kS7qR9uMed5ETSkr8Rtw="}},"yR4YaTmI5NPzMSpgA9dkuyOiXK6kPk2LM6gpkcrg65s=":{"valueMac":{"type":"Buffer","data":"tEfWUcy/zrllnwfQYFX6ZLlMswvz2bs9uuACnQ2TRGs="}},"xLaF2zsDpLxethFmxBXq9mvfG35cKYrn6zW12yGiwgE=":{"valueMac":{"type":"Buffer","data":"rYv2yoGFnI4O08mYODyYrbCrehA6oipUSJsk/RfgkGM="}},"JhyWMS6gQOPTomWjPdjJuda0oRDX9odPmctirj3oyV4=":{"valueMac":{"type":"Buffer","data":"HPBBnBXJ8yjanTBRqrBFUitIH9+HenMINfrM80hFgVQ="}},"E9p0CV+6ooF3ywOHHE/c1bIjxcB4sYjNhAo3tHEfxCI=":{"valueMac":{"type":"Buffer","data":"zXo1gGr+3Fam6JEawVPUlTolabL5Pys0DWmh5JFbUGs="}},"PZtB+qJWj1LzPClP69rkxgSdfJRpskqDNaa5JQeYGgA=":{"valueMac":{"type":"Buffer","data":"tXUcMdHyodUI3E7rV10Q1tbSkb3zJpFipfIjtvljrn4="}},"RnLqaJ9aIS+xsrz3yJcrGkjz/9GgiYvd3wdIivTNZrU=":{"valueMac":{"type":"Buffer","data":"4SVCWa/Lwr/lHfsry1VaXCnj7gRGtF+9PeI4vpOfoyY="}},"0H//YFySqBEaOpZXPkperzaBTG0b+pkJahPV1x1Bhd8=":{"valueMac":{"type":"Buffer","data":"OMc1k9nT9U7IGHHvA6I5jOeB2RoU8SPmEgBo9t2piBc="}},"6HqPmWNocaCa/kcihuCiKVRAM3/DXMmW6qs7tTFlVjM=":{"valueMac":{"type":"Buffer","data":"RxTYvgs7bnyuo6/R7Q84pFZHKUMhxjJXr52DryjQGdk="}},"dqfp7yzjK47gpv6w9SGcjDlvoGDUhowWUHc+z8iYhEE=":{"valueMac":{"type":"Buffer","data":"2jMyo7zqlVXEILzkpQT77YNDhdwiI+5KV8N3TMIiyus="}},"yuV0EsqbiXAEIOavQLR66MHZWX0hcEIldfNCj/xKOvw=":{"valueMac":{"type":"Buffer","data":"/0vGFQyxpsaGzNZeV1CG2BOJJPMSU9FTOh2u5CTdhA0="}},"hqvI9ywwecz0KG0stxjMw9yAARvpESepWLWq7bdvOL4=":{"valueMac":{"type":"Buffer","data":"uqN/M0sCS7uT5l0K9W/8Wo462gYS6utzRyI9S6Bt1uw="}},"s9Nstr6kwR4zNplXdDcYpWWyQO5NyD0CZUtCEzGETXQ=":{"valueMac":{"type":"Buffer","data":"Trv8THQX3AZIaIWjVHQDvEiwEPJImTfDA9D9lthKdL8="}},"63KMkpkN7GbofF5f4Lj2WlHjI/4lsFkVIakrrJN9wH4=":{"valueMac":{"type":"Buffer","data":"TqRDKTJqZmfbtWIVLzeHHfV0Uo4TnIcUTskiC+skUqI="}},"vYS4HHs4QxleYpULbMAGzvIWi9fTJS59C14IcEIP0ww=":{"valueMac":{"type":"Buffer","data":"lBTs9SKYtFBMTpiBFIT2mfTkHxR7YNiBK8sXjrI8OCk="}},"jMsR6V+jegXE7sX1KBSXozdpPypDjtaXWfaUgHyQtm0=":{"valueMac":{"type":"Buffer","data":"cdPkTXpaWlkr4Xp6alN1blAP0HRKz8EZ/hEhdoGTlg0="}},"q5SOoiHYKlOMKKWtzyzpha3huj5CoA7KZJON74WgwgI=":{"valueMac":{"type":"Buffer","data":"NPxlhpTrJtw7RTANzTOtZX+W0IGC0oQJ4jUPorqWgV0="}},"cG+dMY0zJw4NyPy+xtrx820FxACT1p5Ekc0DlcuCqKQ=":{"valueMac":{"type":"Buffer","data":"6VLM2hhtseVs6sQDNfP1oMUcmQEc5ft1WNcOIZ5ncgE="}},"OxD4vrnlmkQuaBCyWB9iiKJNO+S2lM9OYBKtIL0E8fg=":{"valueMac":{"type":"Buffer","data":"nIwxu0VyNbIZ9ujxwlwWkTUXB2zy8gTOVc9m4ujnpqg="}},"EbDE78VCJ5UAdhY8ycRUF4s0gVahNi4H3zcLj8KQ2HI=":{"valueMac":{"type":"Buffer","data":"tWqX1Muc22x/EUjk8BC+FXBGSMxljuFx77peLv/A6TI="}},"iCn5d22iNQ0y5GCxLziWLLPujM60UHgp5w1GUBzJIGU=":{"valueMac":{"type":"Buffer","data":"A3ZqjX9kgcfYcAsRPo8bYcE++4Bepct7Fr4z1Ori5LQ="}},"mJu/DVJkm+kmpNOwJ4fgh0ogx+LyZFSPdeqDUPZ/on0=":{"valueMac":{"type":"Buffer","data":"SYjrYP+rQ0ltEz/8t0aMyqlD78L2EEuPQmxgpbjgicE="}},"Gzx8WLVe3gHP6PY1dIAn1ZDTyyOCLwsuWyRrY5KDCiU=":{"valueMac":{"type":"Buffer","data":"xby0U0SjFsqg0FgCUHFu2Yhso1DDvTKxtIgBcZOzd8g="}},"L9rRHXLIzXEJqzbdKqDbhfZ7xX19jr7wdCweyhKS7hM=":{"valueMac":{"type":"Buffer","data":"Jkarmf1TyrmbOKZmWhUN9QFRK690nMmKYGHY3/EZDmY="}},"o3STaxNqcALsF/r/ZJGeQd6rKzAcpFgdQ0HcmqUEpHA=":{"valueMac":{"type":"Buffer","data":"4XzBzAPbhffIIaVx+cRp3i9zuMsyzBUTsEypqHDE+s8="}},"uEYKRJwpTAjZumLnYu/0ol4xTU1ziM03DkpjzSfwdIo=":{"valueMac":{"type":"Buffer","data":"UP8DbQ8JxvIjC6P09exzvdZjF/JotZuBu5NRfvdoip0="}},"eRl3Qvwmezr7rGWQ9Zr7JazX3iV/8yjBAcEUuV8ljbw=":{"valueMac":{"type":"Buffer","data":"iKViBgk5iwiPPey0YRjffxT2L6mxPjj3m6O/f3LA7CM="}},"NK1xMJ/DKuYzP06i3DYouQvI8L6ci8K1Pi4D8SWThz4=":{"valueMac":{"type":"Buffer","data":"pLj2kecBT7TcLGpZMswRNKJxDPGpVpfCwOupArHal18="}},"//xzYITootHUOawSs2BJb42EjrV7LsHlp/+0bd0UhBE=":{"valueMac":{"type":"Buffer","data":"SA41zTo7Hnevp9KQnrEopLKysTeJ0N75y+Y1qT7bXWo="}},"csQhY3cq4/icm8tfHsKmOMKo4p9bpb+ceRFGZHebMG8=":{"valueMac":{"type":"Buffer","data":"wz082UjU1IjgRiSZd3lceGkdy8b/l3rNitCHTeBtVy0="}},"mdAXYMDb7KoMpiOkJGHoBqsOHNSlp3MlX6rZKd4w5uM=":{"valueMac":{"type":"Buffer","data":"4KS9o3gYIWim1ZhQQwCMOpxVs1n+tsO4BXPa2/nvc1g="}},"WPM0jzHiKpD8x+gnSAT4MhfauRz30VthTGcizSCDGFo=":{"valueMac":{"type":"Buffer","data":"TYqbTG8s/Ypu6OaS72glZHirimHlIWKhBO9hbmOzq50="}},"ySf+pYaV+2tqqdLpW6U5Asp2ceNmwyz165eZqaonkXc=":{"valueMac":{"type":"Buffer","data":"eU/H4dSvMQDySjhPITIokzaTCjaid5FG7QFDzn7lByg="}},"g4wovzAQkyWTs45Xrn/fV+GTqSCyTgietOJnpQlnt1w=":{"valueMac":{"type":"Buffer","data":"2jOLPQGohe+MU40LmCBdT2vDYsgKgRbeBVPcGUBdg/U="}},"LTNknFosqgNPCgb7+kbGJwXpFphM+BJgqDqQsRdnZS8=":{"valueMac":{"type":"Buffer","data":"xUxWaSNycSsoqcJN1kI1fCKj4udPsu1kMKMjUpFXsy4="}},"kS7J19EBCvg3BpQkUg7DuKdaKlmVc6HiewmbzuM68oM=":{"valueMac":{"type":"Buffer","data":"d9GaQ8i4rNW8QeWNfeFshLZhXgwh3iXQtnRkWpO+Fb0="}},"MQ+UBVlbfdijQ8/b949jzbc8cXV+gWdJm1RZf3w/JMY=":{"valueMac":{"type":"Buffer","data":"LuljZG0HnpH3kR36C/ccWex12TKE+0EP/MmquUSNocs="}},"YicsvViAQ5+Vxh0fO3RkMhNqWh68JrkLU8AusjgWJa0=":{"valueMac":{"type":"Buffer","data":"rX1Aph8lL6miSxI2Hk9O9IRzYfPnOZhwdvAS2QgBh/g="}},"XcL61nTs6OcO7uhtHNkAdls3WMiEsmeJccS2flzi1lQ=":{"valueMac":{"type":"Buffer","data":"I4Hh2nYjNhkyhZJffYrhMmTKgXNotoCO938TQC9PFic="}},"nigpPMedfPhf0SfdpZ0K7JMxcgZVn1UH8R671Boklvw=":{"valueMac":{"type":"Buffer","data":"c1uIJEwAROBpcMOvSlGgPzMnGReVV9ce5vYOV6tEwh4="}},"syd3k9xg74HrGAHNRGRqEFylhUlS68BpSwkkGL847MA=":{"valueMac":{"type":"Buffer","data":"yeJ1T6/RzPZ9VIKL5UF/TIbv8DgyBZU6VF5RqNicW8w="}},"PrazRoeuoGFoa3reEzM7mjpVQlV5O4zWCRLBDOFrlpY=":{"valueMac":{"type":"Buffer","data":"D0f1uDj6idcjyjKN9aSHwdwgJW5GFDoAIXVpPVhj+FU="}},"3GqY4owtjA+cJ4CtebY1GR94utfJ9pFN1A3QA4TOmV8=":{"valueMac":{"type":"Buffer","data":"UnyfZlbqCVEPXFeuqtvlxSjUJTBi7cQR5H2dByTQ8hE="}},"5KJgrTwntotxtGsXd/Qy/Syddtxsb7cntsbQu+Vs3U0=":{"valueMac":{"type":"Buffer","data":"MaAdqEQ4pTEH2Y8hcKpjY7LJSJGs+LcCsw1p9ZCOh7o="}},"oocfxQkNoa05oq5WqugbYBx8TT/08GIaWKyO/eREqr4=":{"valueMac":{"type":"Buffer","data":"yRrHtFrqfVyAomj/9Idw3iTxpnUEHaE9m/95MjE8Yb0="}},"iPEe0LiXgN7ByvynoplOVpfL8w6kiDLcqXJSOmA0Kzg=":{"valueMac":{"type":"Buffer","data":"xIm5r/t6Yi0C5PrsXByT3V/OMQk9KPCR/fLI+MXs9Fk="}},"oGFFpWrLmzPm5mu3MpQY75/fzaRDHKK/Nnkg7IpMllw=":{"valueMac":{"type":"Buffer","data":"183cetO9oMNBNSMrKYPF3zNsZhcOkABKHr7gm88PupI="}},"fFhqC+mEIPDedon1DWnijAT+O7AADpNTq94LNFzBmyw=":{"valueMac":{"type":"Buffer","data":"er/bQNEbkJrpDL8vkVUYOazOqcMZ0tRiima72w8YBew="}},"Rp08O2VAPH18tBtozDMjGwSAUwD5lf214+lJGRSl5tg=":{"valueMac":{"type":"Buffer","data":"AKawaK+RR4O4CSRoaGi1Nsk8k2zXr1AOvQEOxUyyE5Y="}},"eA3ywyvYpaxvZ4oRMqNrtM/ObnTGAo8+0WsgT10S80s=":{"valueMac":{"type":"Buffer","data":"JhNfiQ5aIHqkX/nYFVDJxdsIrXWk9uE6Oh8rVYnwiH4="}},"bXZM6kcNpWr/ns+9ZCpL9c2d+Q04r+B1uhrAeAyJvAA=":{"valueMac":{"type":"Buffer","data":"mQ1+d4S6Z8T2j+GuMC7sIJgwtDDQFHTs5+JTdj8TZNE="}},"vF4+UfN/ktrzh6lr4eLdSHSVTSSWQt1CcVUPgOZV22I=":{"valueMac":{"type":"Buffer","data":"oakPCfbuUVjJi3wnbB4751pxUhAQ23N5u/sWspHn73k="}},"sd9dqO0bxUCkGggCCPkumWrScDILCGlPhDw0H1IYUcU=":{"valueMac":{"type":"Buffer","data":"7yTtvLem4GIsSh3LpVOTJuFaX+ut4AK9m6xQJc77Muk="}},"2lOE8ZRX6KuHG6ZhnSiGwfqVwsmtWJwW9Jz6pEBCtsA=":{"valueMac":{"type":"Buffer","data":"UXYqEz2Un16gmf/GEv155hZZ2/4bNrd7x/eiHHJpiMg="}},"QZ75AqyvRitPtKs8GLxi3xJyoRfoCvBOnHeHXkElQmQ=":{"valueMac":{"type":"Buffer","data":"8kE4os/lPTEL0ahEhGewiXl784ED+QI2kHprm10AUcs="}},"EDFhBRrou9qjWWwK1DpeJfeLDc7ttCi3nc4e/cfyOdM=":{"valueMac":{"type":"Buffer","data":"b3B3U6xHOfy0t4c9n/jvFNXhBRtMKDx3IIPzIj0as94="}},"gX/D/4rA8TVAxbKLX1U3/ZXYQHAaFpzpO+l9pd/1WpE=":{"valueMac":{"type":"Buffer","data":"kBnTPy0/x8nXv6NXByRM9+VA5sIp2y2EKfPFRksrYpE="}},"aO73hEvVHWTypnyj7Xnw4WDWYxObTadmfjyPnstuI0Q=":{"valueMac":{"type":"Buffer","data":"Hk2dHktHHR2+8hcZ8+4wLKtI4MHFQi5EXTRetXRb/9Q="}},"ZqQhUqY6HO4vuh2QOvDd6d+EyPRliHpWA+v/mtnjPkM=":{"valueMac":{"type":"Buffer","data":"zaeXkfLHa2s38/NTBCWzeLiHcgrk+12glWDR4CCTHLg="}},"Jj0mYwPcNqb9s9II5dEySbbz8fpyWyHyOmyuaskCbTM=":{"valueMac":{"type":"Buffer","data":"AxqPqx8mte1oJ8gxZMKqC5ADSCXjx02NnFWgu1ybSGM="}},"5NuuPDkc9p1Rnueu7n29Kc5/wZg3ud7GslrSCHmAIts=":{"valueMac":{"type":"Buffer","data":"ekOJn2w2mteUteSRyLCt30o8ooGpzWpf6MShPGZOWVs="}},"grZxTAWFYl80MGK6XR+Y78K5Mr5WF9j7fQMnvMXX1ac=":{"valueMac":{"type":"Buffer","data":"cT5OQHt468w2FCJYEbsklp6y2wngALRh8w6z0cvNorw="}},"ID7Q2JshyzCfrQ+jwkSvrgZ83yVimb40hur86MAUSWo=":{"valueMac":{"type":"Buffer","data":"kUJh1J9SUQSTWxfx52hCMzIVqvcdSC08UT6uqoCjTaw="}},"ySPzsk0nYz1Ep+x7NZvR8OVhpH64QCCQgstgoyr0+ms=":{"valueMac":{"type":"Buffer","data":"v9FbpsiUO8pCzvyspYy0eJyfxqm8r0RNyPToTT3okUw="}},"v7xgsWMZq7GZM4NBJRO7XNxYBNU4hmHjeHuL4xf89Ww=":{"valueMac":{"type":"Buffer","data":"5g6SRbpNK6YlwbTQF6/ryub3XMet7ZUWoHMs/uRTCeI="}},"gx9KRgk4hsgDcXo5KZwBh+1/1ytzI2iySr1/YMFts0M=":{"valueMac":{"type":"Buffer","data":"BOhB65BQnPlH+gPhi/BzhLXuZS5SEA9gjmN/qPGR4E4="}},"ScKeOncYyKDux2f00T/FuHd2A7oi+VX6bHm3l33w2cU=":{"valueMac":{"type":"Buffer","data":"VSUH4sd11LNxUkFo+ofdEIJ2qLn2PWiRudIAOkDfQ2s="}},"S94qBEh4mMr9lRM9BKRrb28gyeq/zNhifFt5MXGygs0=":{"valueMac":{"type":"Buffer","data":"YnkUJS5SDXA/lpa2Vq0MgtwUlK0FPnqhQ2uY1I/0qhA="}},"sFieGfIRSoeHI+BFOSJ4zpt30mZAdPmp+Rn1RC5A2A4=":{"valueMac":{"type":"Buffer","data":"k76ofVtfEThXMYRBGvXhP/4icXPd/l+3TILcnY7D014="}},"AeqpfH7jqB9D82pc25WufjY9hS3K54JIPKuDhbeNYLQ=":{"valueMac":{"type":"Buffer","data":"JGvDcb1vuH4RaJWEHkhAKAUqp2AFh7qGoWhi8OwQoxA="}},"BQOAMcgSv0NzXpbpdcmk099zKaGDVL4hRxs2W30VAaE=":{"valueMac":{"type":"Buffer","data":"Jsd/Ln33L3ocLiO/DQpJ6WdcXTHN6YuFNz661HIKDDg="}},"ZhbMJZE7boZXXU1gt0hu20CPLVqau+V1yVpfo9THmf8=":{"valueMac":{"type":"Buffer","data":"LhnCVeo1kHUvxIc3GzMbm1PpVwTPiiEj4RUELr3QW4o="}},"t9dpPbR5kUGhvYAr7wcXZ+QxzyhqZZB+M+xeCHmvT0Y=":{"valueMac":{"type":"Buffer","data":"BiUYWc5hATvH3zWagKPrx9ldgW2y1BbIo1F8lQa6vWY="}},"FOc09aToe6yOPp7FYNcjoA2H5i6Dp+HypYgbPzovZEs=":{"valueMac":{"type":"Buffer","data":"ved7U5GeY0jdOoSF74ZFmomODPI89m5udg/fm2fe+rQ="}},"8l+UO6qdOsAzTLhinUMUJhV3XV+79ProQqWA0hxEG+c=":{"valueMac":{"type":"Buffer","data":"kiXjS22/ERWn1jeT9IqNNjUse7saQDho28zpvJ4SPfk="}},"x35ujwK9pQJHek458xiV2EFoBtZqBbq6R6lxYbmZ4hA=":{"valueMac":{"type":"Buffer","data":"j+4Q6UK9XORX0a0AyqjpcL9ldBtNHygumVOpoheLa68="}},"1ss7skLUbZVamAC2cF7W/1z6NPrvIuYljAVwX5yYwfE=":{"valueMac":{"type":"Buffer","data":"g3KfXBFLTxWLsb4a7wT0Me85UIkl+aCGiI28Y27q02U="}},"ltVb7zt3c/kILtrQVs8T6Suuc/AGZ0eRERDUuxVyLWQ=":{"valueMac":{"type":"Buffer","data":"LqbuiQUVvwb5mDchou7o0vyrtJndHyZlhrG6OSdU21g="}},"26yhMJ9ke2v+DXKMdAWCwygzuom5dHigUYtbfuufXQ8=":{"valueMac":{"type":"Buffer","data":"/k2U3o6Ihut7pxLe/KcDEFxiNlRXiefwWajmbgzBO3Y="}},"qJ2lCMOe7a+vUgbcVBi7MVsnA2EJ9mcwB+jFU7NGy3E=":{"valueMac":{"type":"Buffer","data":"vohiQU0OX8vgmYFf9iTLkr3lsi5XUbooAN8caQ3CpCo="}},"JsIl3fJRmgubeclL9F9xz9McQ5ig/XMbv9ii1yOziaU=":{"valueMac":{"type":"Buffer","data":"3tvuLtQqXIHSDurH9vg60ee6TeC3owwIWIOHn/rjzWw="}},"dI8o/AUrLG2jl+WSZacQQKj23CDRazFK35yw1in9UP8=":{"valueMac":{"type":"Buffer","data":"yAyKeM1ip5H3OCRvXHAcOOY+K7w1I5mAR/70RZjzuCg="}},"dyrcLc0RyRii8U79qncW9MdCakP6VUkvMc2/Sozq5t8=":{"valueMac":{"type":"Buffer","data":"suhIIBgPfLsNtLHratYCmwKbM6lO/nXeD8ynPvJQQws="}},"n5B7rT4yGkIWrYXO8ynHVjQfDtmbJqDUnfbDwY1SbfQ=":{"valueMac":{"type":"Buffer","data":"r44NlaGWKCzwlbtzCWR0UnRmAjAJCneoBK0bOWMqc6Y="}},"AicONyXiSBqGny9OdDPxDwxSo3phMhXU7xbbrtznnNs=":{"valueMac":{"type":"Buffer","data":"hiaLme8Gtj4nZ9NLfFnD43zBEfTgvGs8BOFeeePqS7o="}},"AmtPfHj4KkC/zJ0K06jDR+sZENFm9/fZN1afHnPOz+U=":{"valueMac":{"type":"Buffer","data":"qg6LlBztbH7iyjEz4+KO5yl/LoaY6KUoAlfZ4jWhezs="}},"WoVweWp1NdgIUahR9ODvALkYUINmkX267TAAjH0pf5g=":{"valueMac":{"type":"Buffer","data":"Zc3iNSvcaeosmd7IYbxpcz2r98x3k2fm3Pbb8c5sOlw="}},"QnR1WDBIGvQIH6eMd82aDhHR0NH1D2ylsrEOph7h1Fg=":{"valueMac":{"type":"Buffer","data":"S8TY/nJ/tsR56iIAiMy0oGjVjV98M7OopOgQPhYkfqE="}},"lILTX1rmbc/k11Q+sA/hXTmSrhDGJUfLF/YlVD/LrNc=":{"valueMac":{"type":"Buffer","data":"xmQwah5LRX2sPzJm8zf6Ivzf3YGPATLHLFmAsyn5qx0="}},"7sgZtIsxwIZLxFxSMsvFjpPC3BbNc5bIhSaJHmy8hFs=":{"valueMac":{"type":"Buffer","data":"tcR4O82gbo0NaMxux4RefzpBXRfogfd/XcltFGexy4M="}},"NWVfoePE5ULsv418ilYODbVdM5ynmKX1GlS0ypc6IXA=":{"valueMac":{"type":"Buffer","data":"4SHisJxp6aoGj6Ti8iJ1gn8oNmb3O5ITxH4nZ1e0YQs="}},"+zXk3L5g/OSswDgHqgqycXCWqUH5TXaGauOXHqK4DRg=":{"valueMac":{"type":"Buffer","data":"lV52qP6q65OshSeKz6NPH2DAEOcz57wBa48dm2/zyRQ="}},"ORCwWR2tigNnhG6xVbpISdKlsET7V1Ew06QkYbBpUHs=":{"valueMac":{"type":"Buffer","data":"0dGmBg/I/GybU1vg7Ywl70rCzD3ldYtWcA8G+8GWebA="}},"WxbumCerS4PuolqRMQaP62WQ8zfLamzW64/PB/iS3vA=":{"valueMac":{"type":"Buffer","data":"CBOzM/8rDVkgaJNdR1YLJPdmhVL18uIXtrZi9R0RoPk="}},"grcXqQSMgoXepa8EfYxKRLn268ISmXoOZRiBIp55Un4=":{"valueMac":{"type":"Buffer","data":"MWL1Kcs9s3+nmK1gaUbbgHWXcIKXDjNSBoCCb7VJdJU="}},"vrS6Hbo+EaNdVcSv8djp6/KEDi1yar4XESg6B94e2v0=":{"valueMac":{"type":"Buffer","data":"Gttii9zjmwOsWfcwePljXHKa5ZGAs0Ynw9vVok52jV4="}},"+qNOVQ87E9JHrRNWOPdvnmKaEPWhZ7dYqVwrchhEP3k=":{"valueMac":{"type":"Buffer","data":"bXnGJ1HoC4CSSmRQLZc+IOIKA0Io0KKaWDLfKCCncNI="}},"Ibut9iJrQki+FsVSjnrNEcRL2IMXfrz/EjOtpYzVXKs=":{"valueMac":{"type":"Buffer","data":"bEs/bKf95parZoGn9Oq5boT6Hefr2kPWiPRHGS7NrX0="}},"Qn2XnT5gDZMQhSJ+vTUicBUr0aHqopGELpZEEQ+/T0g=":{"valueMac":{"type":"Buffer","data":"oKdi1Jfh5W3jUjp3S2MD48k2C4kgDPQpDt/E9FkN72g="}},"XJSzqh7qe0aKVj98GaEnW0WaOR/YhFFvacms4q3qwRg=":{"valueMac":{"type":"Buffer","data":"Ijw7fH7f6uqfra4DGH7p5VLFAYVsb3XodJMqbLmJ2wM="}},"xp2GQY45RnM3TP5OSe+p4iHephnFw2MXy4jTzWGEaDU=":{"valueMac":{"type":"Buffer","data":"xIZnnQ4Bl5HlWOe2gc2QYDa+N7mPQxcqsuEUj5bN8+Q="}},"d0YpSeWAePrNeFcc67cUnqL0HvoEpGNIWXRdQKY9Nog=":{"valueMac":{"type":"Buffer","data":"C4Xo2L8RaQRjNMddqs0hlvJbeqhQ9DAtJkBmRZ6A7pw="}},"lcvu1WHKzePheYwXQD0Ao576beoebGgXJhnnSuqdDAk=":{"valueMac":{"type":"Buffer","data":"9h1Nxmw4Eiu1ubMf1aNETVa4qqzqct5FcTxm/65VK6E="}},"HVnH1u/2y12DTDTRFiDV5DZbxcNU/l5jJHhqeDRn0qU=":{"valueMac":{"type":"Buffer","data":"9rMez3mIa9DoQZO0OSsPyoBHGHEojUG+RCtdSeIG5jg="}},"4XPWHorUcgPOxJMg/cb913WAYQDkktcusdBhm0zuMzw=":{"valueMac":{"type":"Buffer","data":"/sVNzqDZEhWxt2GJn2MYvvANAW0H0kvPmwoK8SzBdow="}},"qyuGinbmGVIgeymF2vk8fy0CMlmyhsT7PY1pqjrjD+I=":{"valueMac":{"type":"Buffer","data":"EhbyAtRyxqqG5o2zQ/a/Qe/EOik2u+SG9V6XFlNl96Q="}},"8b5fsTLdWQlF4fj27bTNrzV7Z2W7Z75dSwl0PPH0Rac=":{"valueMac":{"type":"Buffer","data":"VUFsulgNqSjYTOPh8m2N/j5GGGRhlwGKoA5tDnSv2wk="}},"ivYYlwp5OjjEZEPLSPhzItKI8WDuIhiuZ/S44i3Rryg=":{"valueMac":{"type":"Buffer","data":"iFWd43wyPZ7UUeBHUbduHb6lSFA/0w+BBLNdDIkYWX0="}},"9Pr3xNFqa69KAT++CMLDrDfkGhf2MAyh3g1o7qUWUjE=":{"valueMac":{"type":"Buffer","data":"CBKaSaCkF4V1JvlAqlQgfBGndg2ySHFRSAl+ilvHY6Y="}},"MPLj6msZLFlNEIT+dYG53OjBZr4ojCfahkx7ChVZIKc=":{"valueMac":{"type":"Buffer","data":"hS/3lOjAR4JnQjavJvV13Vfp8PlaN0mxQN3jf/rn2s4="}},"BJGuNhL3mK+uQ5BcmzlhvPcrHo92FTb13kIdSdd16fg=":{"valueMac":{"type":"Buffer","data":"gHQxS3GWBMjuHauGsDCohXNFVrd5aYdjkH3mP3EA8nk="}},"s3hU80INDXgX7EJu5Ji5MaA0ImxN2bEyW0/WvQrV9P8=":{"valueMac":{"type":"Buffer","data":"WL3Surcj7vfjB7DoQ0L1AqpEB7hvtYuE/PnGtRywfHo="}},"3vJw7xP06umqVSTz3ZRBtQvwJGDotQY/VQA9f2Fy76Q=":{"valueMac":{"type":"Buffer","data":"gPtnlVxWujSp3T5rO9vykYWpOzHyhD41dvs2A4zbKPQ="}},"pX/4mDC2dBd02egZOHM1ITrbz+RQG+dBD0ScWyQvnqU=":{"valueMac":{"type":"Buffer","data":"Spjgh/5BIrfYTdAtIwbIOJQAQHv/O0W9/hv0bV6oZVs="}},"FZEi+pmZhGeZcBM1roFK8EiWZmf5fneX/0EvocGRJ8E=":{"valueMac":{"type":"Buffer","data":"5Xva4/kDpeBoQ3XZc9jQuzlWUY9/63wnNhb72mpZPyc="}},"hB8XoHCwyG2750574+xCbp7c1rsuf83MkwsLhvwOqpc=":{"valueMac":{"type":"Buffer","data":"PxYvcsY2YGNUTo1KZGV/7ly+Ovo2SzS1q5KBQ56Jefc="}}}}