{"noiseKey":{"private":{"type":"Buffer","data":"WH1EQuVqXR65CbS9alhSbhXCImPKiyLSiSk+lJ5BS24="},"public":{"type":"Buffer","data":"hGKzg5XAPyCF5Ayieipd1IBAIvodlDPqSU+ddvFVDE8="}},"pairingEphemeralKeyPair":{"private":{"type":"Buffer","data":"eOMDQOxHMoCYm9WQTfrQYnpPHN7PMK5Jg9Kiy95qvX8="},"public":{"type":"Buffer","data":"7NC5NFq1UkgEDvio5usJqKzwHzuGPADSzIplsBSRIlI="}},"signedIdentityKey":{"private":{"type":"Buffer","data":"oE2CmpK5pRNwV87qJh7CELR+iSGpTDkb/ZM7sfnicUg="},"public":{"type":"Buffer","data":"SiXcS+tyOF9uQbcm3m8IBf+Y7wYL+/8QScJ+3vfiKCM="}},"signedPreKey":{"keyPair":{"private":{"type":"Buffer","data":"OIiDUWiJpEDIGe3UJ1Q52RVeeinz+KdQJUKpiNPGpW4="},"public":{"type":"Buffer","data":"1WWk8Ffs2GPUdT6AMXmdzAMywpOImWI0WTejhGylmmg="}},"signature":{"type":"Buffer","data":"zDVpO5i4O2t04oiMAdxXWujhhtazaQKfl94b/9MpVHih+yYTDRi9z/WAqMLACCVQF/Iu1UJoXp0A06RfpA4phA=="},"keyId":1},"registrationId":54,"advSecretKey":"rWu9NwDiQM6OhmCrcjuzMOwhvTwvvhC38vEMvMyo7kg=","processedHistoryMessages":[{"key":{"remoteJid":"62895352937399@s.whatsapp.net","fromMe":true,"id":"D73257DAA269885F81A6283395D75633"},"messageTimestamp":1728918613},{"key":{"remoteJid":"62895352937399@s.whatsapp.net","fromMe":true,"id":"5D3453873D610531ADB88294FD603AF8"},"messageTimestamp":1728918613},{"key":{"remoteJid":"62895352937399@s.whatsapp.net","fromMe":true,"id":"DEE091C3BA55D41C68ABFB300C9E2E32"},"messageTimestamp":1728918674},{"key":{"remoteJid":"62895352937399@s.whatsapp.net","fromMe":true,"id":"9E62A12052756C8D7757D77290FC490D"},"messageTimestamp":1728918723},{"key":{"remoteJid":"62895352937399@s.whatsapp.net","fromMe":true,"id":"0267B4BA64834738CC7060124B994E9A"},"messageTimestamp":1728918795},{"key":{"remoteJid":"62895352937399@s.whatsapp.net","fromMe":true,"id":"66FD51CE05DD7E4611FB7178E3D0DCDD"},"messageTimestamp":1728918857},{"key":{"remoteJid":"62895352937399@s.whatsapp.net","fromMe":true,"id":"194E64A01DB2CFDABD45A193FD3F91B4"},"messageTimestamp":1728918907},{"key":{"remoteJid":"62895352937399@s.whatsapp.net","fromMe":true,"id":"29614933ACB6AB92CE3EA7D65FF28067"},"messageTimestamp":1728918962},{"key":{"remoteJid":"62895352937399@s.whatsapp.net","fromMe":true,"id":"25FA51F8E35B5F3CC2EACD4F5C2BB1C3"},"messageTimestamp":1728919008},{"key":{"remoteJid":"62895352937399@s.whatsapp.net","fromMe":true,"id":"A74808E177D28672A7094B86F6F56528"},"messageTimestamp":1728919069},{"key":{"remoteJid":"62895352937399@s.whatsapp.net","fromMe":true,"id":"688EB5CA5E990DA85D0D59562C465E54"},"messageTimestamp":1728919128},{"key":{"remoteJid":"62895352937399@s.whatsapp.net","fromMe":true,"id":"359F8EBC2BD91F6A67D3C9023FCAB116"},"messageTimestamp":1728919199},{"key":{"remoteJid":"62895352937399@s.whatsapp.net","fromMe":true,"id":"4894A5347FC0D170F7DC6B83F243BA5A"},"messageTimestamp":1728919270},{"key":{"remoteJid":"62895352937399@s.whatsapp.net","fromMe":true,"id":"6D9D17119E8A7A613346A7EFA5F56670"},"messageTimestamp":1728919331},{"key":{"remoteJid":"62895352937399@s.whatsapp.net","fromMe":true,"id":"962D3EFF20A7B013B6671E21E1BCB4C1"},"messageTimestamp":1728919397},{"key":{"remoteJid":"62895352937399@s.whatsapp.net","fromMe":true,"id":"EB581EF98A0C6CDAE30019E68E374B20"},"messageTimestamp":1728919510},{"key":{"remoteJid":"62895352937399@s.whatsapp.net","fromMe":true,"id":"8C7175622B3D6CF41F2462CA2FDF8CE6"},"messageTimestamp":1728919513},{"key":{"remoteJid":"62895352937399@s.whatsapp.net","fromMe":true,"id":"481D658D8A906F654ED6ED74408CDE10"},"messageTimestamp":1728919571},{"key":{"remoteJid":"62895352937399@s.whatsapp.net","fromMe":true,"id":"2DE1D3170C030C03F60AA28C40943360"},"messageTimestamp":1728919661},{"key":{"remoteJid":"62895352937399@s.whatsapp.net","fromMe":true,"id":"AB2807D4761E318944C5E98AC3E04703"},"messageTimestamp":1728919670},{"key":{"remoteJid":"62895352937399@s.whatsapp.net","fromMe":true,"id":"5438E9FDCE726705C7E183F63599ADA8"},"messageTimestamp":1728919675}],"nextPreKeyId":61,"firstUnuploadedPreKeyId":61,"accountSyncCounter":1,"accountSettings":{"unarchiveChats":false},"deviceId":"PaBynZwITtKSqx-fNYOMLw","phoneId":"c83a8707-945d-4af2-88bc-e5b1843bfa9e","identityId":{"type":"Buffer","data":"e4u/ShFrsIOwZ3yyVZpSFfNFku8="},"registered":false,"backupToken":{"type":"Buffer","data":"+Z4CerOd+kcNKd2INcTyUyjEqC0="},"registration":{},"account":{"details":"COu+raYGEMTotLgGGAEgACgA","accountSignatureKey":"EJAjaUjSR3ZTnAKrjyDipEIK6DRKsHufEKoC1DneoVY=","accountSignature":"ucWUnDhSD3PEX/FwTht5vFKFKm6SgAxSomuYSV3YbqiHqg2kFtppWI8NpwQffXG0CHW7zPPNH6Ydw/kJlR9tAA==","deviceSignature":"ZL3RXa0hiCvpkB8CJewc9AwqRGNGrX0uOEAusQPqE4/AJFU5v9LoGeTix7wEYddoJsQvcXp7pZ0fsfT70pC8gg=="},"me":{"id":"62895352937399:1@s.whatsapp.net","name":"Orang Biasa","lid":"65692128792600:1@lid"},"signalIdentities":[{"identifier":{"name":"62895352937399:1@s.whatsapp.net","deviceId":0},"identifierKey":{"type":"Buffer","data":"BRCQI2lI0kd2U5wCq48g4qRCCug0SrB7nxCqAtQ53qFW"}}],"platform":"smba","routingInfo":{"type":"Buffer","data":"CBIIDQ=="},"lastAccountSyncTimestamp":1728977619,"myAppStateKeyId":"AAAAAAzh"}