[{"senderKeyId":581161390,"senderChainKey":{"iteration":84,"seed":"0rVkcpLTcDBb9SN2X82YPuR9IC+D2C8zJLG17OmnaTc="},"senderSigningKey":{"public":"Bd/flpOwJFukF3i6CKtMJ111xsZATS//ZiSHuTVMkuJj"},"senderMessageKeys":[]},{"senderKeyId":659030640,"senderChainKey":{"iteration":30,"seed":"yK7X7LYUXFe0wTODanatEWVBMER+dqsTCgKfbQ1Oh6o="},"senderSigningKey":{"public":"BTaGEBim0d7zLDSjHB3DW7phZJJcRS6+45kRry9iahBt"},"senderMessageKeys":[{},{}]},{"senderKeyId":659030640,"senderChainKey":{"iteration":9,"seed":"2nUYoozM/hr7bvRNYW1CTLsX3BM/cxxsUNTIlqthYM8="},"senderSigningKey":{"public":"BTaGEBim0d7zLDSjHB3DW7phZJJcRS6+45kRry9iahBt"},"senderMessageKeys":[]},{"senderKeyId":1553252280,"senderChainKey":{"iteration":0,"seed":"2+7FISjfNtKT6deEEdK9PdFVjM6FSNncMealdLImvLA="},"senderSigningKey":{"public":"BajaUIHj5wQ5qdHcSRmmXZ86HRJY9aH6MSPWNngBkwEh"},"senderMessageKeys":[]},{"senderKeyId":1553252280,"senderChainKey":{"iteration":0,"seed":"2+7FISjfNtKT6deEEdK9PdFVjM6FSNncMealdLImvLA="},"senderSigningKey":{"public":"BajaUIHj5wQ5qdHcSRmmXZ86HRJY9aH6MSPWNngBkwEh"}}]