[{"senderKeyId":1901105556,"senderChainKey":{"iteration":9,"seed":"JEWB0awGLTfrsc5y0Ce3ra+BrDYypAQYX04mMRQYMm8="},"senderSigningKey":{"public":"BaXfw3ZD6vH1dHnG20ul6MQYWUiK64JdR4DdDo9SZQcl"},"senderMessageKeys":[]},{"senderKeyId":1371375946,"senderChainKey":{"iteration":13,"seed":"jLer72twk5vq6JXKwC5gcAAouIOLEbbAa7JWI9GruIY="},"senderSigningKey":{"public":"BYRKgmm6pzJ823NaAymR0ys7SXdhPeMvZ8fweI/mo8wc"},"senderMessageKeys":[]},{"senderKeyId":1371375946,"senderChainKey":{"iteration":6,"seed":"JL/sKJbkiEEa+rbxACblhQOK7Tt3HwenVdLd+AmMJsc="},"senderSigningKey":{"public":"BYRKgmm6pzJ823NaAymR0ys7SXdhPeMvZ8fweI/mo8wc"},"senderMessageKeys":[]}]