[{"senderKeyId":222318993,"senderChainKey":{"iteration":73325,"seed":"3I1j2Rn2dBFujNkIt6gobm3wTseEgRy/K4geXwrny0E="},"senderSigningKey":{"public":"BRvlgcbWyL3HHS+gtYNe/n9QHmM8LYAUrVnCDkaQCtMI"},"senderMessageKeys":[{},{},{},{},{},{},{},{},{},{},{},{},{},{},{},{},{},{},{},{},{},{},{},{},{},{},{},{},{},{},{},{},{},{},{},{},{},{},{},{},{},{},{},{},{},{},{},{},{},{},{},{},{},{},{},{},{},{},{},{},{},{},{},{},{},{},{},{},{},{},{},{},{},{},{},{},{},{},{},{},{},{},{},{},{},{},{},{},{},{},{},{},{},{},{},{},{},{},{},{},{},{},{},{},{},{},{},{},{},{},{},{},{},{},{},{},{},{},{},{},{},{},{},{},{},{},{},{},{},{},{},{},{},{},{},{},{},{},{},{},{},{},{},{},{},{},{},{},{},{},{},{},{},{},{},{},{},{},{},{},{},{},{},{},{},{},{},{},{},{},{},{},{},{},{},{},{},{},{},{},{},{},{},{},{},{},{},{},{},{},{},{},{},{},{},{},{},{},{},{},{},{},{},{},{},{},{},{},{},{},{},{},{},{},{},{},{},{},{},{},{},{},{},{},{},{},{},{},{},{},{},{},{},{},{},{},{},{},{},{},{},{},{},{},{},{},{},{},{},{},{},{},{},{},{},{},{},{},{},{},{},{},{},{},{},{},{},{},{},{},{},{},{},{},{},{},{},{},{},{},{},{},{},{},{},{},{},{},{},{},{},{},{},{},{},{},{},{},{},{},{},{},{},{},{},{},{},{},{},{},{},{},{},{},{},{},{},{},{},{},{},{},{},{},{},{},{},{},{},{},{},{},{},{},{},{},{},{},{},{},{},{},{},{},{},{},{},{},{},{},{},{},{},{},{},{},{},{},{},{},{},{},{},{},{},{},{},{},{},{},{},{},{},{},{},{},{},{},{},{},{},{},{},{},{},{},{},{},{},{}]},{"senderKeyId":222318993,"senderChainKey":{"iteration":72951,"seed":"JivEknp2ESznAQUyasn3xr5o7Yw7hCHcQ7MsE2EVeGU="},"senderSigningKey":{"public":"BRvlgcbWyL3HHS+gtYNe/n9QHmM8LYAUrVnCDkaQCtMI"},"senderMessageKeys":[]},{"senderKeyId":222318993,"senderChainKey":{"iteration":73223,"seed":"Y10Mi7pjTywEVAR0BgXc/TGFsj8mScLV4GxDDezBS1Y="},"senderSigningKey":{"public":"BRvlgcbWyL3HHS+gtYNe/n9QHmM8LYAUrVnCDkaQCtMI"},"senderMessageKeys":[]}]