[{"senderKeyId":791209801,"senderChainKey":{"iteration":24,"seed":"KX2yMK8WrtRS7/3hzgd5AMFmvyN15/MZ73NdHFcp6Ik="},"senderSigningKey":{"public":"BfBW0cooH2LycT4KprkSX40+ancyW7s49KuHNhhmT74Y"},"senderMessageKeys":[]},{"senderKeyId":791209801,"senderChainKey":{"iteration":17,"seed":"N4jyW3DjHcvsZDniBDDYlOrgApTJ1WZ1OL+FBiXxkcI="},"senderSigningKey":{"public":"BfBW0cooH2LycT4KprkSX40+ancyW7s49KuHNhhmT74Y"},"senderMessageKeys":[]},{"senderKeyId":1968697697,"senderChainKey":{"iteration":1,"seed":"cjYQzmy+V4hXCTQxEyQB6vf/2NpywQDZlUfMXQaIygo="},"senderSigningKey":{"public":"BYbdRWfXGiiltjgTv20/9Y4mktCorRYJ7kgf5SSeWQkT"},"senderMessageKeys":[]}]