{"_sessions":{"BePBcOBtNyt3fVRzds6ADquXOt9e93owiAisTD7WDAog":{"registrationId":1618859025,"currentRatchet":{"ephemeralKeyPair":{"pubKey":"BUXlucgbuivdB1COleJR0+qHRIu7hTxaz3C3uuW3cFQb","privKey":"CKOV56MXlO8kgkUSwk6xxPYlTOSGsUS/dhevm3YSIlc="},"lastRemoteEphemeralKey":"BWFv5RCI9bPy+Ye7qyhjzQ4ApHG8IV9Lop9Kq0BMMgYd","previousCounter":0,"rootKey":"VSUzgSBBD3DuYrY/KrIlamJARJ5ykejK3wQbfpFO9Ig="},"indexInfo":{"baseKey":"BePBcOBtNyt3fVRzds6ADquXOt9e93owiAisTD7WDAog","baseKeyType":1,"closed":-1,"used":1728977805006,"created":1728977805006,"remoteIdentityKey":"BXzPjNM8XONQ3vs/N4wNs0YHvFzYv8awdy3U41wqhaBj"},"_chains":{"BUXlucgbuivdB1COleJR0+qHRIu7hTxaz3C3uuW3cFQb":{"chainKey":{"counter":0,"key":"nnfkWPD7ApmrMYGIIscwqCZ6HOF/T78dzVWLoVMbSas="},"chainType":1,"messageKeys":{}}},"pendingPreKey":{"signedKeyId":7,"baseKey":"BePBcOBtNyt3fVRzds6ADquXOt9e93owiAisTD7WDAog","preKeyId":9035432}}},"version":"v1"}