{"_sessions":{"BYjU2mai3RbSNmxIldl5ECheg6S11HBivqhqEY1gbBN6":{"registrationId":888075624,"currentRatchet":{"ephemeralKeyPair":{"pubKey":"BVxtmcqsdhI5zTcTEllGee6sFjte57mdy8TRuWQBGgEj","privKey":"eNsv+ogWjDqXq9RIL+dqHQ1hHBjLLBuAj3OqxCXhl1I="},"lastRemoteEphemeralKey":"BdHftXEKhx7k7FEJHBqhKa7P2uts3b3gpqep2RrKCHVL","previousCounter":0,"rootKey":"x4TBtnyxaZlKcSHHsIUVjOo/cFWKf+AfjheNrRmeHic="},"indexInfo":{"baseKey":"BYjU2mai3RbSNmxIldl5ECheg6S11HBivqhqEY1gbBN6","baseKeyType":2,"closed":-1,"used":1728977640698,"created":1728977640698,"remoteIdentityKey":"BbwHP8943hlb8I0WMA4d6Y2cYWglbHcYKvDpEmQ9AYMg"},"_chains":{"BdHftXEKhx7k7FEJHBqhKa7P2uts3b3gpqep2RrKCHVL":{"chainKey":{"counter":0,"key":"wHOhjZSzT3FnqtcIHiaN3HartBtn3CZEQNB759sEe5Y="},"chainType":2,"messageKeys":{}},"BVxtmcqsdhI5zTcTEllGee6sFjte57mdy8TRuWQBGgEj":{"chainKey":{"counter":-1,"key":"l6cqKX4UMAQ3owauVEStFl2tejcW5Jus6bNmI3pjmIY="},"chainType":1,"messageKeys":{}}}}},"version":"v1"}