{"_sessions":{"BRkySFZAIoKRrWqSJcIGn+AKwrL5IJY/1kc2ACIN6r4r":{"registrationId":389773835,"currentRatchet":{"ephemeralKeyPair":{"pubKey":"BVdN2ppC8cvSTPQa4Io2WEZz4iLh+G8NTacRiwwmW4Ze","privKey":"qKc9FevB32EqNOrxxkbAzYL0nnOc4hMUMPPwKdI3tmU="},"lastRemoteEphemeralKey":"BdHuwZNWoifzg13cSxlrlHoDvzdFq+QeVFtRAvtHkSth","previousCounter":0,"rootKey":"3U9CTty6AJqMFDnGoE+m0P32MxOpx6DOxb3bdWc655k="},"indexInfo":{"baseKey":"BRkySFZAIoKRrWqSJcIGn+AKwrL5IJY/1kc2ACIN6r4r","baseKeyType":1,"closed":-1,"used":1728918655866,"created":1728918655866,"remoteIdentityKey":"Bbbf2lFripT2tAbOXUms9tlHjZww9p1cXoI7bvU9iOoK"},"_chains":{"BVdN2ppC8cvSTPQa4Io2WEZz4iLh+G8NTacRiwwmW4Ze":{"chainKey":{"counter":0,"key":"N47WIIgSgPZXSPnKls4qNFAMdpiCC/zsHLEqv2qf2fw="},"chainType":1,"messageKeys":{}}},"pendingPreKey":{"signedKeyId":15,"baseKey":"BRkySFZAIoKRrWqSJcIGn+AKwrL5IJY/1kc2ACIN6r4r","preKeyId":641176}}},"version":"v1"}