{"_sessions":{"BbWcI0+VrO8JQQanyrYTTIGyDirav5cHT9LCswQ2PC4C":{"registrationId":912586114,"currentRatchet":{"ephemeralKeyPair":{"pubKey":"BUC0ymWx/rc5uPz5Dco57UCdlMu48PX62BjanG8v5918","privKey":"OHd8in9dWHgYgzghyOn6aq3+YBUUlDFXSSJ8+5euxmA="},"lastRemoteEphemeralKey":"BU2pPXbtqRYKzsbx7HyGVuC1CVzzktMjbQilEbimN9ho","previousCounter":0,"rootKey":"M91m3sLAlW3TzBMCLGqBvw/PL9rLkCLkSSZq1KAtP00="},"indexInfo":{"baseKey":"BbWcI0+VrO8JQQanyrYTTIGyDirav5cHT9LCswQ2PC4C","baseKeyType":2,"closed":-1,"used":1728977642037,"created":1728977642037,"remoteIdentityKey":"BbzPSpVkn9iJc7y95+O1qqwz5iaTc+RfF3Ewr/ax360s"},"_chains":{"BU2pPXbtqRYKzsbx7HyGVuC1CVzzktMjbQilEbimN9ho":{"chainKey":{"counter":1,"key":"/7XEyoOxu/2cobjSkvmnmcd56xs44Rn+OMIa6lJawe0="},"chainType":2,"messageKeys":{}},"BUC0ymWx/rc5uPz5Dco57UCdlMu48PX62BjanG8v5918":{"chainKey":{"counter":-1,"key":"Jg8H4vU6OkJBsp9Ls1m5U2pfhCPAYdX0E4dp/IPGz/o="},"chainType":1,"messageKeys":{}}}}},"version":"v1"}