{"_sessions":{"BSOwF7EDAiZYSJ/u67IXjnXNyAXwI+BrwSjZqygDb7Yz":{"registrationId":1667061553,"currentRatchet":{"ephemeralKeyPair":{"pubKey":"Bc/DIxNDjyxuP5Xm5ngyThPszn+BHoQ/QCWQ2AoJrpdf","privKey":"MMKNmV+UOE4F12JZ7OtrlppcjRA39fhD1aX5uaUTIn0="},"lastRemoteEphemeralKey":"BYllWs1LvncUGLvrZugkN0wy1buI5Uj1hAcPk1jEiA0p","previousCounter":0,"rootKey":"152XSp9/wC5JVFm56DOTTjKdfKxJa5ysPUarOE437EU="},"indexInfo":{"baseKey":"BSOwF7EDAiZYSJ/u67IXjnXNyAXwI+BrwSjZqygDb7Yz","baseKeyType":1,"closed":-1,"used":1728977804971,"created":1728977804971,"remoteIdentityKey":"BcYfqrbonTIHpc0zFFnWvgOWnXIhaToykJ7CKSSBij9G"},"_chains":{"Bc/DIxNDjyxuP5Xm5ngyThPszn+BHoQ/QCWQ2AoJrpdf":{"chainKey":{"counter":0,"key":"QILnQ8KiOsUFBZ98Q9sNFjGSbxmlSCGmAU/fq1f0+xs="},"chainType":1,"messageKeys":{}}},"pendingPreKey":{"signedKeyId":1,"baseKey":"BSOwF7EDAiZYSJ/u67IXjnXNyAXwI+BrwSjZqygDb7Yz","preKeyId":13912782}}},"version":"v1"}