{"_sessions":{"BcF+9cGmitNqQIGLTRJBYUPG4HijeNTPWyi0LScMjV1z":{"registrationId":1359764707,"currentRatchet":{"ephemeralKeyPair":{"pubKey":"BWXz04TAHJFEiCw0bMxbD2OzJvZ5xVwxh0QFp4ZIHcEe","privKey":"WOhnSFL930Pl+vXButkqugpaqQv69y13BlyuDnFMxWs="},"lastRemoteEphemeralKey":"BQbUAntlfVqJX1nzbwmLqvB093z/mNv1iFJMAptI5bhR","previousCounter":0,"rootKey":"BfKkWVzSeipL1atlAuEIyXN0dFInObWh9GZFY9aVDvQ="},"indexInfo":{"baseKey":"BcF+9cGmitNqQIGLTRJBYUPG4HijeNTPWyi0LScMjV1z","baseKeyType":1,"closed":-1,"used":1728918655852,"created":1728918655852,"remoteIdentityKey":"Ba568G6aZgky44wU6NRQIJ75dONWcC0OsxzIqnOwHm8y"},"_chains":{"BWXz04TAHJFEiCw0bMxbD2OzJvZ5xVwxh0QFp4ZIHcEe":{"chainKey":{"counter":0,"key":"g40A0xV0HO32Z/bmx8EKqXu0O+DLZeB6xzGhkLxCCzY="},"chainType":1,"messageKeys":{}}},"pendingPreKey":{"signedKeyId":3,"baseKey":"BcF+9cGmitNqQIGLTRJBYUPG4HijeNTPWyi0LScMjV1z","preKeyId":12736203}}},"version":"v1"}