{"_sessions":{"BahTu21Xd5cEjA7maSBnHTsyJmf6BTZLOomn5SWlgqV2":{"registrationId":2085846986,"currentRatchet":{"ephemeralKeyPair":{"pubKey":"BUCEBD1NKNveZtzaPFdCvyvAqUt5Rp/qk1+rQFwNtwBD","privKey":"0NG/TZ2fhbiuiFfMnmKWsRIuSIH+KX3ZE6NaHUDeu2Q="},"lastRemoteEphemeralKey":"BVlM5REhQsUxcvnPjdoslKvIFUxvwAliRP3atfcQwYww","previousCounter":0,"rootKey":"Fsl7XdGk/cWMC3QacKXABjWk2w8Q0kxZ5nl0Asxn6v0="},"indexInfo":{"baseKey":"BahTu21Xd5cEjA7maSBnHTsyJmf6BTZLOomn5SWlgqV2","baseKeyType":2,"closed":-1,"used":1728977667604,"created":1728977667604,"remoteIdentityKey":"BeDtgJrCmVk8w0GAVg0E118K/BRgBWbDk5cHUM1ROp4E"},"_chains":{"BVlM5REhQsUxcvnPjdoslKvIFUxvwAliRP3atfcQwYww":{"chainKey":{"counter":0,"key":"79bmYoW8hO0QUxiV5gbB2w/Y0bMZgZjIuM6xEkuRg1Q="},"chainType":2,"messageKeys":{}},"BUCEBD1NKNveZtzaPFdCvyvAqUt5Rp/qk1+rQFwNtwBD":{"chainKey":{"counter":-1,"key":"/6N4EP6CycGjUk2k2/1XXDvQAiSQg8P4IX2Bnkhd6ck="},"chainType":1,"messageKeys":{}}}}},"version":"v1"}