{"_sessions":{"BVoggbYoE31BncO409ffNEjCGpcjx+eksWfp953Pfasa":{"registrationId":97388082,"currentRatchet":{"ephemeralKeyPair":{"pubKey":"BaLN7hNsLryk0ydxthvBYgFT3BizVywgKUYiluTEBqcR","privKey":"CItt0xHIqySJLBX0fn6mOHSq0P/lyGkvzMIk8ByGal0="},"lastRemoteEphemeralKey":"BTMBUUSSdaj8jvSUgeXuMW6Kw/thO/KSy7366Rz4eAJE","previousCounter":0,"rootKey":"nxEQ00pSZHi2zH875s6cOlvU9rLLuL0irg6iDHbea8M="},"indexInfo":{"baseKey":"BVoggbYoE31BncO409ffNEjCGpcjx+eksWfp953Pfasa","baseKeyType":2,"closed":-1,"used":1728977668123,"created":1728977668123,"remoteIdentityKey":"BWElc6sP2vTdQ9it/10d/mV6PGUVdEuFHEUebr1vqXd+"},"_chains":{"BTMBUUSSdaj8jvSUgeXuMW6Kw/thO/KSy7366Rz4eAJE":{"chainKey":{"counter":0,"key":"8mH6fpME9IPtF/4oRZKjGFXUwr1ngi9XJtSk6eT0fRY="},"chainType":2,"messageKeys":{}},"BaLN7hNsLryk0ydxthvBYgFT3BizVywgKUYiluTEBqcR":{"chainKey":{"counter":-1,"key":"hNd6DUozqYO0WFhGAD0xOd7sxeSihuycvFjc0X7CZ4E="},"chainType":1,"messageKeys":{}}}}},"version":"v1"}