{"_sessions":{"BVzI/w0A82fpGTcfoFprlorTOWfcJfJAs+uqEE5mcwYV":{"registrationId":2003917721,"currentRatchet":{"ephemeralKeyPair":{"pubKey":"BRx1s18u87cn70n70ML4iafYCC9uGW6/YTRv0j5eWv5I","privKey":"KE9dxdvFdQRQnseOm86ptlB9U0Z5z3udJkSNnlPyEUo="},"lastRemoteEphemeralKey":"BRwPFmhDlezPtuKu8vc/fj7nvfp5S0QqJ6WjbnZ2l24x","previousCounter":0,"rootKey":"fDfBOVBUgLSAPUIOJI2t3G/3CDCVHPIpW/Yn8rHtlFQ="},"indexInfo":{"baseKey":"BVzI/w0A82fpGTcfoFprlorTOWfcJfJAs+uqEE5mcwYV","baseKeyType":1,"closed":-1,"used":1728977669351,"created":1728918655898,"remoteIdentityKey":"BfaZ1vLonnPEFTD6Dlb5EQR0l0IrZeHitRq3OQVU4YYI"},"_chains":{"BRwPFmhDlezPtuKu8vc/fj7nvfp5S0QqJ6WjbnZ2l24x":{"chainKey":{"counter":1,"key":"lzS8P05VYBsFy9r6qXkyChCRy5DtJOPWsZKkapvfUGw="},"chainType":2,"messageKeys":{}},"BRx1s18u87cn70n70ML4iafYCC9uGW6/YTRv0j5eWv5I":{"chainKey":{"counter":0,"key":"Zx6MqPuI8OcwN8i5Te/y4oxXxCgAlMfI9tmAn6IIFys="},"chainType":1,"messageKeys":{}}}}},"version":"v1"}