{"_sessions":{"BfqX5293njWjQDvEsoDzPdCGqdIlommJA6vCak3oTk5x":{"registrationId":377726162,"currentRatchet":{"ephemeralKeyPair":{"pubKey":"BUl47NFMLvNLXR1vpsdl5g/OylvDI2lyoyOJd1Zwaad5","privKey":"WJmquGjHMEwQ3LJkXfu6tf8nsXyLZQcrz0T3C7en40Q="},"lastRemoteEphemeralKey":"BUBj/TjaxcovduJ2pc1DuHWY27FnA0c74D5E6VTOx9cT","previousCounter":0,"rootKey":"hCuzSlfgQzIb6wgyespOtlACplisanOhwDftot4gn6U="},"indexInfo":{"baseKey":"BfqX5293njWjQDvEsoDzPdCGqdIlommJA6vCak3oTk5x","baseKeyType":1,"closed":-1,"used":1728977804953,"created":1728977804953,"remoteIdentityKey":"BXDTZFqTkxlWHYavIO/Id+aF4N7OefAGSnjACdFZ408d"},"_chains":{"BUl47NFMLvNLXR1vpsdl5g/OylvDI2lyoyOJd1Zwaad5":{"chainKey":{"counter":0,"key":"mbv6cz26tRXP0HH6+nucJjVHr6ZO6FM0WaUWgQmIDBE="},"chainType":1,"messageKeys":{}}},"pendingPreKey":{"signedKeyId":5,"baseKey":"BfqX5293njWjQDvEsoDzPdCGqdIlommJA6vCak3oTk5x","preKeyId":13206087}}},"version":"v1"}