{"_sessions":{"BeKWae8qucPpEoq/KuUXMwKL2dHyCLWBAEaQsSTH4joV":{"registrationId":332828471,"currentRatchet":{"ephemeralKeyPair":{"pubKey":"Bco0NbzRc0UU01Jk5GG5NBjjH/cH6oXOPwdZJy7JzGBu","privKey":"AOUANc8llBAo/0vTUTuhYpywafA9x7ZNx8UTKllimF4="},"lastRemoteEphemeralKey":"BQNJmP7HWudCenKGiRGZIqk5+VnaNol9+QUQXYjRiwE7","previousCounter":0,"rootKey":"iR1TbK1/Meqw2+5mOn/m3GOw/OJkYyUmb6EZjLArA48="},"indexInfo":{"baseKey":"BeKWae8qucPpEoq/KuUXMwKL2dHyCLWBAEaQsSTH4joV","baseKeyType":2,"closed":-1,"used":1728977628843,"created":1728977628843,"remoteIdentityKey":"BU5Zlq7fvSD39GIHXRpg0fYBTJiBOxXIVF05DxhtMr1+"},"_chains":{"BQNJmP7HWudCenKGiRGZIqk5+VnaNol9+QUQXYjRiwE7":{"chainKey":{"counter":1,"key":"kEKcqstuD/ccXB4NEoGrFxdWyxQwNr13IcdtGUO/PTE="},"chainType":2,"messageKeys":{}},"Bco0NbzRc0UU01Jk5GG5NBjjH/cH6oXOPwdZJy7JzGBu":{"chainKey":{"counter":-1,"key":"WvjzMp1YIgMYUTH7xhd6WniPJSa0dfQCuWrE4eaJK60="},"chainType":1,"messageKeys":{}}}}},"version":"v1"}