{"_sessions":{"Ba9DCuqrPdHuXd/ZpAvERkUA8djhy5uFnW45xqrG0fds":{"registrationId":210,"currentRatchet":{"ephemeralKeyPair":{"pubKey":"BalB2OumJiNm2s8rLsslqpTNa9SbaXOy9F0Gu8Rgfl1/","privKey":"wHsyr+hW9xUbRxIu24q10PHduAChuZQmXIQ6VKmhP1Q="},"lastRemoteEphemeralKey":"BfHMmobM4EqXc7geyRNNMvCbhWeu0e8QqCFwEQGw7Plg","previousCounter":0,"rootKey":"d2BXBFbpfFNMITgARL4OSLo0CR94fqhpLyKf9sKzvQM="},"indexInfo":{"baseKey":"Ba9DCuqrPdHuXd/ZpAvERkUA8djhy5uFnW45xqrG0fds","baseKeyType":2,"closed":-1,"used":1728977668823,"created":1728977668823,"remoteIdentityKey":"BVwX0UwVV3e9ih/CuiS2KhTNxwG5Hefawjdtbhvuu5wu"},"_chains":{"BfHMmobM4EqXc7geyRNNMvCbhWeu0e8QqCFwEQGw7Plg":{"chainKey":{"counter":0,"key":"SkCQMV6/uPGNNWOga0r0tUbivpb2gIlPxqkmy2AXwtA="},"chainType":2,"messageKeys":{}},"BalB2OumJiNm2s8rLsslqpTNa9SbaXOy9F0Gu8Rgfl1/":{"chainKey":{"counter":-1,"key":"we3ct/+Fcic+eCflQFwa1R1UjeYZTQjV0S67nyuNLxk="},"chainType":1,"messageKeys":{}}}}},"version":"v1"}