{"_sessions":{"BdFknzgzRbdZh0uEMdZxdrqqsAhHB4y3/ZA8+JQzW8sh":{"registrationId":78022174,"currentRatchet":{"ephemeralKeyPair":{"pubKey":"Bam1FxMbvi9X621WC0sWWe1qEpia3Rq+TXW/rcylz9Ja","privKey":"MEpV51sY1iHhHD6pTwEkOSQocw0W0aCeWI6NrgLyblY="},"lastRemoteEphemeralKey":"BQp4pVTM3Tkqc4bmMakzA0LkMQD6kS2fjY+6DvCmONEG","previousCounter":0,"rootKey":"clz68cSRs+Y6zGSmDIK7T0E8HbX7T+TMjTOXFbD+exk="},"indexInfo":{"baseKey":"BdFknzgzRbdZh0uEMdZxdrqqsAhHB4y3/ZA8+JQzW8sh","baseKeyType":2,"closed":-1,"used":1728977642498,"created":1728977642498,"remoteIdentityKey":"BfKcS6VL5rMTWdgDAgf/sSUHplMnYVCNORKzFIdCrWIe"},"_chains":{"BQp4pVTM3Tkqc4bmMakzA0LkMQD6kS2fjY+6DvCmONEG":{"chainKey":{"counter":2,"key":"kYz943m3M0KCLA5aLgtlG3KXMUJsZOI5K9+ez+mNe9g="},"chainType":2,"messageKeys":{}},"Bam1FxMbvi9X621WC0sWWe1qEpia3Rq+TXW/rcylz9Ja":{"chainKey":{"counter":-1,"key":"K2SEfoPUzgkSrsvdlbYMM+PhYMvUyhpzCBO1rZbcXXc="},"chainType":1,"messageKeys":{}}}}},"version":"v1"}