{"_sessions":{"Ba6ReO1Sl4NMCF4x8vKiO4UFLezWEGgCcwVLqPFfPkM1":{"registrationId":2093032150,"currentRatchet":{"ephemeralKeyPair":{"pubKey":"BVBlXjE9wR7qjLlvwNNvBsY10Hezqs5E+0b99s9Ch/48","privKey":"AHDqVQcFseSXxW/oOAD99Qdxem+BCW5XjAVIucvMB0M="},"lastRemoteEphemeralKey":"BSln6289H6fAvcUU2Du9Im8GW12l+LhLW61UZfM1qUZ7","previousCounter":0,"rootKey":"ufpoUgPDO57dx75RUwLCIrfNCiEYvJACvW97of4S6GA="},"indexInfo":{"baseKey":"Ba6ReO1Sl4NMCF4x8vKiO4UFLezWEGgCcwVLqPFfPkM1","baseKeyType":2,"closed":-1,"used":1728977653549,"created":1728977653549,"remoteIdentityKey":"BQbuoRV9d1dxBy5L1m5XZ/mUgZ92v9ojZ2p+P2gl16EN"},"_chains":{"BSln6289H6fAvcUU2Du9Im8GW12l+LhLW61UZfM1qUZ7":{"chainKey":{"counter":0,"key":"8liuUNAyGsR1ffvFrpU5V5CBFsFJNo4fYKFk6fZJvvY="},"chainType":2,"messageKeys":{}},"BVBlXjE9wR7qjLlvwNNvBsY10Hezqs5E+0b99s9Ch/48":{"chainKey":{"counter":-1,"key":"YQzW20RRMzAH7lukhrljdvmqNlUhAu465igA9nW6uLU="},"chainType":1,"messageKeys":{}}}}},"version":"v1"}