{"_sessions":{"BRNJ513337eiTvB2exRZibSt6kaLrR/x9BTrH2Gk9otQ":{"registrationId":1095189474,"currentRatchet":{"ephemeralKeyPair":{"pubKey":"BeZjGzwfCO/KSsBUY80OIde/BsKey8RyDo+iMYXSBOlx","privKey":"aGKhqNYiLk5Ny5nkEDGe18L6rN5z+86G4jnBSDTVh0I="},"lastRemoteEphemeralKey":"BZiYVO8BlntHslziJXXfHLk086swFxWUlAnOlwcXCLxL","previousCounter":0,"rootKey":"KgfFsoO+n269TO7P+05UxWCsS5cyEfkiq8rz3Na13ew="},"indexInfo":{"baseKey":"BRNJ513337eiTvB2exRZibSt6kaLrR/x9BTrH2Gk9otQ","baseKeyType":2,"closed":-1,"used":1728977647597,"created":1728977647597,"remoteIdentityKey":"BVUGdYd59Jk1dr4PCxNp0jwVn5Vf3VE/AcA/fTRjzENb"},"_chains":{"BZiYVO8BlntHslziJXXfHLk086swFxWUlAnOlwcXCLxL":{"chainKey":{"counter":1,"key":"y2hHZE/owdM0Q+wwlUgiInJ6WpRqzHXA0uKIXDxStSo="},"chainType":2,"messageKeys":{}},"BeZjGzwfCO/KSsBUY80OIde/BsKey8RyDo+iMYXSBOlx":{"chainKey":{"counter":-1,"key":"EiNWaW7+1PzAbx5mZ5WCE7psWOHXvYMJ0fWL/eKGVFA="},"chainType":1,"messageKeys":{}}}}},"version":"v1"}