{"_sessions":{"BTxJhfpVGnyTHZgKOrtphH/AJiOj3lku3gYyn6FuJC9f":{"registrationId":1655905123,"currentRatchet":{"ephemeralKeyPair":{"pubKey":"BfYgEIw0O3+6nOaHtzFsIc+3ubUsFUVLBKcwU9/WJ1hP","privKey":"uHGuE+d/QJs3HjLJAAR456mdic2O2GmR5h/RdhKDpGI="},"lastRemoteEphemeralKey":"BQzjYNqd7MLZiqmRaUHSUTZ4NTt6cSkoJjD76pew8Q42","previousCounter":0,"rootKey":"zsSiJew4HRBmZ4FKP/be/CEbmaFhvOpOX0gHtqKoslI="},"indexInfo":{"baseKey":"BTxJhfpVGnyTHZgKOrtphH/AJiOj3lku3gYyn6FuJC9f","baseKeyType":2,"closed":-1,"used":1728977641211,"created":1728977641211,"remoteIdentityKey":"BTGWsc963/FRkv+4qkQuLbgjy3TtJESXQTl3HR4kl9wW"},"_chains":{"BQzjYNqd7MLZiqmRaUHSUTZ4NTt6cSkoJjD76pew8Q42":{"chainKey":{"counter":1,"key":"J0EP043R4yMh4Jn+/skECHOvjwygjL2M+Qk52m4TLSI="},"chainType":2,"messageKeys":{}},"BfYgEIw0O3+6nOaHtzFsIc+3ubUsFUVLBKcwU9/WJ1hP":{"chainKey":{"counter":-1,"key":"i4Idf4IK/sVJhk5Prl+njI0xA//Id3zZxXIJxnTG8Ys="},"chainType":1,"messageKeys":{}}}}},"version":"v1"}