{"_sessions":{"BQQX5uzDxPkYAVY7XZQF2WB9G1sfpEcO0x1GT3EIUR8d":{"registrationId":998017937,"currentRatchet":{"ephemeralKeyPair":{"pubKey":"BVVc9CgTodBVLMZ2RixHc7ffy47sPGG2YUutpUFij6U0","privKey":"OHzUplW93vPemFq4xq0lnEV35YTFlq7PqUjJ8XSHgUM="},"lastRemoteEphemeralKey":"BZpLGA1vjkt0xNh6dcugXd09eraSWyLjymmknOeMFEV3","previousCounter":0,"rootKey":"Ql6TT7lf4teSvYoRgECLWfHsU9WfKjsmxBRaS8xwL0E="},"indexInfo":{"baseKey":"BQQX5uzDxPkYAVY7XZQF2WB9G1sfpEcO0x1GT3EIUR8d","baseKeyType":1,"closed":-1,"used":1728977804982,"created":1728977804982,"remoteIdentityKey":"Bcsvyp+vQcbktE+qWmhZ9oHjwiC4kdxceOwHilwtqHxd"},"_chains":{"BVVc9CgTodBVLMZ2RixHc7ffy47sPGG2YUutpUFij6U0":{"chainKey":{"counter":0,"key":"BlYXX65X6SE1U/oEsRvZaQkVHcZO0ZK6w1uhFlvFF6w="},"chainType":1,"messageKeys":{}}},"pendingPreKey":{"signedKeyId":26,"baseKey":"BQQX5uzDxPkYAVY7XZQF2WB9G1sfpEcO0x1GT3EIUR8d","preKeyId":10499870}}},"version":"v1"}