{"_sessions":{"BRy3pLlUdv2s3gCoyE30PbJ1cDisG2f8Z/tas7Cg2jUD":{"registrationId":813350228,"currentRatchet":{"ephemeralKeyPair":{"pubKey":"BePZ84O59RptbijWxBfYdvaYh9fjBcSFKDBnLHl3t4QO","privKey":"sMSwBkSzuuli0dGyN+ty2sXjqi2ZnYi5IUgResC7dVM="},"lastRemoteEphemeralKey":"Bdn+GZYUZJBnCdbSj+lOcOGPdhF3Uns15F11muJILJ8s","previousCounter":0,"rootKey":"7kj5XlnTz0FrlGiOL27z8nGhDgOlcDgmfHl2MBh6xEQ="},"indexInfo":{"baseKey":"BRy3pLlUdv2s3gCoyE30PbJ1cDisG2f8Z/tas7Cg2jUD","baseKeyType":2,"closed":-1,"used":1728977640855,"created":1728977640855,"remoteIdentityKey":"BWXHReHWUP/JhBOcr3GlBnEhunEifURQDDZ9wJFc9dZm"},"_chains":{"Bdn+GZYUZJBnCdbSj+lOcOGPdhF3Uns15F11muJILJ8s":{"chainKey":{"counter":10,"key":"Q8+XS+0dVvXT0w5x5rkao0PLBDsnl7hwNmFE8SBVEr0="},"chainType":2,"messageKeys":{"4":"MEGMxmUcves0yyQjdjeorPKSH696dWS9+3RCn2lgwOE="}},"BePZ84O59RptbijWxBfYdvaYh9fjBcSFKDBnLHl3t4QO":{"chainKey":{"counter":-1,"key":"UaLsAazQ5RwLs+mRs3qkr6cVxjhcGO0eqUZqqWqlZXg="},"chainType":1,"messageKeys":{}}}}},"version":"v1"}