{"_sessions":{"BRtv+Q0Y+6ZbJiOp+5BUkJeuDJPBItSn9twTvz+fqWFA":{"registrationId":353649717,"currentRatchet":{"ephemeralKeyPair":{"pubKey":"BRx/lRpzDF5aIjn1I/8ogW269OCe/zVf3FnO3UByXGQw","privKey":"UD6JNztlTbgUqKDroqZypsLP49tpGB0jAs3OlZH89GE="},"lastRemoteEphemeralKey":"BQDyfP0SNiVKox8O8YuA9wRJTS85Vi2UX4hJBcBXno0S","previousCounter":0,"rootKey":"MzlT8U1N+8BtbYjAlWXwMYsA6O85/JORk5t60rFJlgY="},"indexInfo":{"baseKey":"BRtv+Q0Y+6ZbJiOp+5BUkJeuDJPBItSn9twTvz+fqWFA","baseKeyType":2,"closed":-1,"used":1728977667762,"created":1728977667762,"remoteIdentityKey":"BTetcldpqhic4XXhy6cPdSjyFyTMuf2dKt6atwceO+Uz"},"_chains":{"BQDyfP0SNiVKox8O8YuA9wRJTS85Vi2UX4hJBcBXno0S":{"chainKey":{"counter":0,"key":"+5LyiBCjkYGdfZKQ5QV2nmiRxGI18Exj3NZvUZZ8/8s="},"chainType":2,"messageKeys":{}},"BRx/lRpzDF5aIjn1I/8ogW269OCe/zVf3FnO3UByXGQw":{"chainKey":{"counter":-1,"key":"4tgY1DOnQwpg7dJxgsLAvMbJFKoEvwH/z10qCvsezLA="},"chainType":1,"messageKeys":{}}}}},"version":"v1"}