{"_sessions":{"BXDr5t4BP7/hEMZ5Za9h5M4sxIa8oNfd1jClKvyb22su":{"registrationId":1497805828,"currentRatchet":{"ephemeralKeyPair":{"pubKey":"BXfR6Ui/Y1thR6e1MZjDusod5JbYMgtQ/TrLkEcH6Plm","privKey":"uDgNDBh6p2MBtwPCmH59gFtSYBXEJPu7XSOHxt0UjG8="},"lastRemoteEphemeralKey":"BVpn7pvCPlgFV7OMGDLaLc8Pow4ahsbdocxPPqgsRVwI","previousCounter":0,"rootKey":"BSDwbEm4CT01nH9OM0l2r3exMj4PdqU/W+R/ivy+m+Q="},"indexInfo":{"baseKey":"BXDr5t4BP7/hEMZ5Za9h5M4sxIa8oNfd1jClKvyb22su","baseKeyType":2,"closed":-1,"used":1728977641237,"created":1728977641237,"remoteIdentityKey":"BWHhrUAkzLBSq0ncSrnCd4Uej8pE8TSDCEOszABp6nAy"},"_chains":{"BVpn7pvCPlgFV7OMGDLaLc8Pow4ahsbdocxPPqgsRVwI":{"chainKey":{"counter":0,"key":"n/RS+DAEEgrhst1D1YZdZdjDCUEFgUzDs4xqgVc11ig="},"chainType":2,"messageKeys":{}},"BXfR6Ui/Y1thR6e1MZjDusod5JbYMgtQ/TrLkEcH6Plm":{"chainKey":{"counter":-1,"key":"YRLh2Tdq5H3wRP57bCOQKTBvcwX/IzmcC6UO27pyZf8="},"chainType":1,"messageKeys":{}}}}},"version":"v1"}