{"_sessions":{"BU5nMxxexrOvKHpZIU7/QHQ3F5n2GRZGQnZzcGxMk0Zu":{"registrationId":97819625,"currentRatchet":{"ephemeralKeyPair":{"pubKey":"BX/OgguS40BiroDgp9Jxt4YNy6rcKsmQTu7X1JbjEZ8I","privKey":"YB6rT5jQ0gHSRpSwvcffydywhipvpT21RQN0s6DjW0Y="},"lastRemoteEphemeralKey":"Bbwjp7/9lgoQa7kVogpXdBlzg+oa6urHdglHRXw+MJM8","previousCounter":0,"rootKey":"FFu4I6sfavGTdHHkZ2YllLPrQgNUlW5tF8LDBGtrLs8="},"indexInfo":{"baseKey":"BU5nMxxexrOvKHpZIU7/QHQ3F5n2GRZGQnZzcGxMk0Zu","baseKeyType":2,"closed":-1,"used":1728977629606,"created":1728977629606,"remoteIdentityKey":"BXHxTQKVOmg1nHPRIfekmjLz7hYD7pQEeTutES0gptUl"},"_chains":{"Bbwjp7/9lgoQa7kVogpXdBlzg+oa6urHdglHRXw+MJM8":{"chainKey":{"counter":0,"key":"1zSjBBf/q/uI4pF9dMW2R7Yy7wPCudNZVutlLglA600="},"chainType":2,"messageKeys":{}},"BX/OgguS40BiroDgp9Jxt4YNy6rcKsmQTu7X1JbjEZ8I":{"chainKey":{"counter":-1,"key":"QwpLuzIlbn35dBZ11fRagQDsIS5ANZJF5Mo3Z9MaPSA="},"chainType":1,"messageKeys":{}}}}},"version":"v1"}