{"_sessions":{"BZcXMJdL/cCyDOrBeH5GJ5jGNtDqKkLyFhVSnYf3reoj":{"registrationId":1968577104,"currentRatchet":{"ephemeralKeyPair":{"pubKey":"BVjPN+bOp2oov67lODNzgvKHorC+hKYavF8GXPvEICss","privKey":"oFKTlejmThrrhu6WBh2ARAecmUi7f3kkn5Snr+nnfHk="},"lastRemoteEphemeralKey":"BU+3kF+zxXUJVATjkTBJ/Zp1dy6wjL6r4+bAiC/Qg+5Y","previousCounter":0,"rootKey":"5OVtetjPVQVq3dAT6bk7m8WI4nvzpjmf7m+7TX5Ussk="},"indexInfo":{"baseKey":"BZcXMJdL/cCyDOrBeH5GJ5jGNtDqKkLyFhVSnYf3reoj","baseKeyType":1,"closed":-1,"used":1728977804986,"created":1728977804986,"remoteIdentityKey":"BSQt+4pc2hlwfet0iwHDlVAb4lLghBrznwY3X4dNfzlO"},"_chains":{"BVjPN+bOp2oov67lODNzgvKHorC+hKYavF8GXPvEICss":{"chainKey":{"counter":0,"key":"iQ/xwZgtTiKcS9zzLKpUWtFH9VzbtPDDFrgDf7Td6ws="},"chainType":1,"messageKeys":{}}},"pendingPreKey":{"signedKeyId":14,"baseKey":"BZcXMJdL/cCyDOrBeH5GJ5jGNtDqKkLyFhVSnYf3reoj","preKeyId":15937826}}},"version":"v1"}