{"_sessions":{"BZ1QpXWA0Dmp8AS+Nh0XtvxOPw/wUFLDniN01fCVID4v":{"registrationId":388807058,"currentRatchet":{"ephemeralKeyPair":{"pubKey":"BdIl7YiyAKDtVYPXzDSD9CFDBkmwWF86KO0LZ25rfWpe","privKey":"yKuKMrHtPfttUjMrpzgffHR52yVGz2dpOL2X8a6Ypko="},"lastRemoteEphemeralKey":"BaqCjWRnELp226VvAHQQ/64SHOZqwtlswf1rLhyFThQU","previousCounter":0,"rootKey":"iqXwBBGuHV9p2I4Uh2zyKgCePZmWFT54S6RmSim0Xo0="},"indexInfo":{"baseKey":"BZ1QpXWA0Dmp8AS+Nh0XtvxOPw/wUFLDniN01fCVID4v","baseKeyType":2,"closed":-1,"used":1728977640946,"created":1728977640946,"remoteIdentityKey":"BfaS8V1+4t0H1HE1kN6Xe3/MCFYy+NmZu/anOncKxPQe"},"_chains":{"BaqCjWRnELp226VvAHQQ/64SHOZqwtlswf1rLhyFThQU":{"chainKey":{"counter":0,"key":"SQzh+SGCdhoKT4j6gH6cc5MODTLkGsDPGv7WUPYwoVk="},"chainType":2,"messageKeys":{}},"BdIl7YiyAKDtVYPXzDSD9CFDBkmwWF86KO0LZ25rfWpe":{"chainKey":{"counter":-1,"key":"0hVYXnKjwtqwdPAf+A2QJgOtYUuekDMX7n90Q/Xd+zE="},"chainType":1,"messageKeys":{}}}}},"version":"v1"}