{"_sessions":{"BexPYyLoDUfBJP8OUFFXnNjuR9cLAlLFHkQz0cLDTLgC":{"registrationId":373676791,"currentRatchet":{"ephemeralKeyPair":{"pubKey":"BUcQFcBn3i7X007qma9hRnxuPPYZ6d/SZEL6Q5cuLHJ3","privKey":"IMqZ4+m4lFUnrwt1oRu2SxBuwYXm4drpky8kbspeO28="},"lastRemoteEphemeralKey":"BcZNvtHKF3CKHTHybccfxOPGaiyhVk75jNydtVsgUeMl","previousCounter":0,"rootKey":"a38P6jIgDQipIzKt+h6br++820Gvs6P/GHAsXAmidjs="},"indexInfo":{"baseKey":"BexPYyLoDUfBJP8OUFFXnNjuR9cLAlLFHkQz0cLDTLgC","baseKeyType":2,"closed":-1,"used":1728977656540,"created":1728977656540,"remoteIdentityKey":"BdQtJwD5euzVkd1wv5s5WieP5T6uur1EQZrjlPaymYtK"},"_chains":{"BcZNvtHKF3CKHTHybccfxOPGaiyhVk75jNydtVsgUeMl":{"chainKey":{"counter":0,"key":"wC0eIXpAFv3miELaRyyRVQQEe/8WtpNTyLNKRcaJabk="},"chainType":2,"messageKeys":{}},"BUcQFcBn3i7X007qma9hRnxuPPYZ6d/SZEL6Q5cuLHJ3":{"chainKey":{"counter":-1,"key":"DTOYLTApeRd8/Y4QsDHztK3gFoKh6Q2TDTDXUu6ABCA="},"chainType":1,"messageKeys":{}}}}},"version":"v1"}