{"_sessions":{"BVGQj8xULQYgVnBcMMTjfZDHPK6Ef8Sn5POa5R+CULxL":{"registrationId":8622,"currentRatchet":{"ephemeralKeyPair":{"pubKey":"BSlWitAPYkO7RCNR9O/qjHhjcEZ0zndOTd+NbPmro08L","privKey":"mPZoQEt9cPQzlRhjVDOHJBnXeQKs156sxYI+ZaVvjUU="},"lastRemoteEphemeralKey":"Ba29wHsp6rVlZUqOL+lukFpMqpU/7UeJ8D+sHt8NyI5T","previousCounter":0,"rootKey":"RS7/NwuBeWQ0OEW/6zNjve+4BWqqUYBZxjTBIBnHins="},"indexInfo":{"baseKey":"BVGQj8xULQYgVnBcMMTjfZDHPK6Ef8Sn5POa5R+CULxL","baseKeyType":1,"closed":-1,"used":1728918655835,"created":1728918655835,"remoteIdentityKey":"BUS+vhh8FK/MKY0VTvU3Oku8FbBukbBDRfVrFLu9cuZ1"},"_chains":{"BSlWitAPYkO7RCNR9O/qjHhjcEZ0zndOTd+NbPmro08L":{"chainKey":{"counter":22,"key":"DOvnenn+2T36VnesH3WSiiq0GQY+OedXe+2oCWE7R2o="},"chainType":1,"messageKeys":{}}},"pendingPreKey":{"signedKeyId":1,"baseKey":"BVGQj8xULQYgVnBcMMTjfZDHPK6Ef8Sn5POa5R+CULxL","preKeyId":217}}},"version":"v1"}