{"_sessions":{"BQaUnaJ31cGQ6ScsPdmuxBVvOcEYQ3SOqr5inC7Ivj5H":{"registrationId":1450361478,"currentRatchet":{"ephemeralKeyPair":{"pubKey":"BbFtkEdkhMYEORXgX8PIztgQ//im66OoJixB60X4XmxA","privKey":"uGwOe/IVJQJbLXBbjlwo2VoIGFtXas+4ASUHVgt/PFg="},"lastRemoteEphemeralKey":"BdEhyDwaHa8DlUITmch/wbeRsOaY29ybaLA2ni3OmGd7","previousCounter":0,"rootKey":"+AtAeo6+IVTn+51V6+GPncACYOTyys/aBsJK2cF1Czo="},"indexInfo":{"baseKey":"BQaUnaJ31cGQ6ScsPdmuxBVvOcEYQ3SOqr5inC7Ivj5H","baseKeyType":2,"closed":-1,"used":1728977645161,"created":1728977645161,"remoteIdentityKey":"BUuBJYEf3Qrn9egN0C++3Ob5P4A8+hQt+bQL/n61Unto"},"_chains":{"BdEhyDwaHa8DlUITmch/wbeRsOaY29ybaLA2ni3OmGd7":{"chainKey":{"counter":0,"key":"cPUtKCHmcjj3KTF/OXeZDuIwGzwhmHGZ4w+OfZnFF/A="},"chainType":2,"messageKeys":{}},"BbFtkEdkhMYEORXgX8PIztgQ//im66OoJixB60X4XmxA":{"chainKey":{"counter":-1,"key":"1E5q0OTwYjXJQsBrv/DiVq9BG5wQKi4a4Jpc52H+/80="},"chainType":1,"messageKeys":{}}}}},"version":"v1"}