{"_sessions":{"BcQWIpCOkJh/lWh+wD7O2a+KYGpn1LPsuSbSmgE5WvlC":{"registrationId":240681015,"currentRatchet":{"ephemeralKeyPair":{"pubKey":"BRGKAw1bumyQ1YZP8zFCPN7yByHPM4aflM5KP8vwS5cK","privKey":"MPS+9c14RApb/04WdCgUNlAlSe12cRah6EJwytz202k="},"lastRemoteEphemeralKey":"BbLkPpUInIT7wnlLv/YODqrBFAdQp9pv9wFSEAMRJTMv","previousCounter":0,"rootKey":"tPu635O0rR7LPdRL0J7i5Thw/mc6tkou1D/uxDO2u04="},"indexInfo":{"baseKey":"BcQWIpCOkJh/lWh+wD7O2a+KYGpn1LPsuSbSmgE5WvlC","baseKeyType":1,"closed":-1,"used":1728977805002,"created":1728977805002,"remoteIdentityKey":"BSYs/H747fouZL82t3CF/QkQwXQOhEGX8VYprnl9qlNa"},"_chains":{"BRGKAw1bumyQ1YZP8zFCPN7yByHPM4aflM5KP8vwS5cK":{"chainKey":{"counter":0,"key":"FSSNx52eI2TBcxMkc/rPTcnR68c+FqP6rwcwQL16zl0="},"chainType":1,"messageKeys":{}}},"pendingPreKey":{"signedKeyId":15,"baseKey":"BcQWIpCOkJh/lWh+wD7O2a+KYGpn1LPsuSbSmgE5WvlC","preKeyId":9363833}}},"version":"v1"}