{"_sessions":{"Bez4Eii4o3V/njeUINN7qj/iDv2yQWMZ/pCGNpsMar47":{"registrationId":97620483,"currentRatchet":{"ephemeralKeyPair":{"pubKey":"BaZ0QW7FV9iDFREUVQN+7WoiFXzkpVDeJ9SGPn+fOOhT","privKey":"WOEdKvP83rKWn3HyeB4XAiRDvW8GmR5XGLpDxoaZ4VA="},"lastRemoteEphemeralKey":"BSoLR7+JCVmQGdwa9Vi0gQWibNMCECd685Vv2e/wDGoV","previousCounter":0,"rootKey":"NsRA+fnt7XpnCPIc0J6/v4eJvKMQQNwjAJcTXHwd5mU="},"indexInfo":{"baseKey":"Bez4Eii4o3V/njeUINN7qj/iDv2yQWMZ/pCGNpsMar47","baseKeyType":1,"closed":-1,"used":1728918655874,"created":1728918655874,"remoteIdentityKey":"BVJ8CzmDVx6DoCQfdpTckbdMNoPDEFmzjY5xCHr2jq4q"},"_chains":{"BaZ0QW7FV9iDFREUVQN+7WoiFXzkpVDeJ9SGPn+fOOhT":{"chainKey":{"counter":0,"key":"acOKgV5Nx4kTikdrunkA79xoSI0ulQlWU5NBQeYox/M="},"chainType":1,"messageKeys":{}}},"pendingPreKey":{"signedKeyId":41,"baseKey":"Bez4Eii4o3V/njeUINN7qj/iDv2yQWMZ/pCGNpsMar47","preKeyId":12719887}}},"version":"v1"}