{"_sessions":{"BY5r0+mgSIywhV8vAUUndXet0gKlLUZOBB9TJ8HwopV8":{"registrationId":1211307806,"currentRatchet":{"ephemeralKeyPair":{"pubKey":"BQbv4hAwVgN60yZGuTYYlfa+oi0qIG4GHwRSbbSX4J0R","privKey":"SM3q0TdyF7uN9ykaWxFMAa4VZkyR5Ok4cMEYgGPAJXc="},"lastRemoteEphemeralKey":"BRhIyYt+yKtySrMy9mlvjqC9A9k8QNYUgFZHgvYZeOZb","previousCounter":0,"rootKey":"S7HgKA1lwXQtoFVoCd+UYvV3bJkpHVBRYVaB3zJyqH4="},"indexInfo":{"baseKey":"BY5r0+mgSIywhV8vAUUndXet0gKlLUZOBB9TJ8HwopV8","baseKeyType":2,"closed":-1,"used":1728977652423,"created":1728977652423,"remoteIdentityKey":"BVzV8XdNpVCQwsuU7UtVXV0huJz7+7E6NxgW3yGPTB4g"},"_chains":{"BRhIyYt+yKtySrMy9mlvjqC9A9k8QNYUgFZHgvYZeOZb":{"chainKey":{"counter":0,"key":"OSCtoL+jSm6U9rcWABE3i3i/2NAMRYaE8lrFv/sieqU="},"chainType":2,"messageKeys":{}},"BQbv4hAwVgN60yZGuTYYlfa+oi0qIG4GHwRSbbSX4J0R":{"chainKey":{"counter":-1,"key":"5sHMcO+xFESEpK6VJnHtVV0VDkarzIFVFsNxRfFRz4g="},"chainType":1,"messageKeys":{}}}}},"version":"v1"}