{"_sessions":{"BeSBbjdWRxc5hN+M8iPB/4qWMuwgwBVKKzub4TKpFEJR":{"registrationId":390346310,"currentRatchet":{"ephemeralKeyPair":{"pubKey":"BVlnW6vLQEQYpU9OX4IwuE3Oc+A5/d/jZbc5COS9zfh4","privKey":"oNwcxxtOZ+KaY7D4OPlgu9EBfUbF2gcJ3VYbK9u9h2k="},"lastRemoteEphemeralKey":"Bc97W8GBctHeHON2r/AzTBLkagmnb8sgthS9OmChp40E","previousCounter":0,"rootKey":"Q0rKgBQpuOuCeRrRrvyqqSeQCDy1d79NjCmPb5stqAQ="},"indexInfo":{"baseKey":"BeSBbjdWRxc5hN+M8iPB/4qWMuwgwBVKKzub4TKpFEJR","baseKeyType":2,"closed":-1,"used":1728977637388,"created":1728977637388,"remoteIdentityKey":"BZUwQtVevQPf1udABsNMHDngCQso7Zl2ggO5ksuVuedr"},"_chains":{"Bc97W8GBctHeHON2r/AzTBLkagmnb8sgthS9OmChp40E":{"chainKey":{"counter":1,"key":"Xjk8vL8hcWNeoqCaDKkl14zCX/BS/qiQ2zf05KI556g="},"chainType":2,"messageKeys":{}},"BVlnW6vLQEQYpU9OX4IwuE3Oc+A5/d/jZbc5COS9zfh4":{"chainKey":{"counter":-1,"key":"d3q4yyFiuuLI48RE/7eJu/C89Yz3bdZlBdw7jhYqWmU="},"chainType":1,"messageKeys":{}}}}},"version":"v1"}