{"_sessions":{"BbG08H4ao9xwyziS/Zvit8diixqfnljGnFGGr0HfwFwT":{"registrationId":104,"currentRatchet":{"ephemeralKeyPair":{"pubKey":"BVSwTWYd3sMDFKdcn24QN4MyoXBTP7x0kem9s4z+NhpP","privKey":"qMzhR+lzltRdrawORGWDSeo4U8b7jId6W/ji9OlWr24="},"lastRemoteEphemeralKey":"BUAuVw7Vg+C1GUrW6EPvFd512+6RnNxXfaDDSOZ8zOst","previousCounter":0,"rootKey":"7dJxVVwF9gBP53dshKswEVzOE74zlh8Tr/qAHep7d3E="},"indexInfo":{"baseKey":"BbG08H4ao9xwyziS/Zvit8diixqfnljGnFGGr0HfwFwT","baseKeyType":2,"closed":-1,"used":1728977641022,"created":1728977641022,"remoteIdentityKey":"Bf1RohcFN5R8BNgdNMkq39q6rcdyPjA7VMhhkodAXnIY"},"_chains":{"BUAuVw7Vg+C1GUrW6EPvFd512+6RnNxXfaDDSOZ8zOst":{"chainKey":{"counter":1,"key":"wbyd5QnCXL+goiJCGwwITAmiXSyaj6Zs6xYimyXGkdc="},"chainType":2,"messageKeys":{}},"BVSwTWYd3sMDFKdcn24QN4MyoXBTP7x0kem9s4z+NhpP":{"chainKey":{"counter":-1,"key":"w7pFY2HKApfT41DJMmGeeuN3MGkto/Sv4b5XQmwPVXw="},"chainType":1,"messageKeys":{}}}}},"version":"v1"}