{"_sessions":{"Bc9ND6qVURGK89TAwmTWk78B+rY0gpCKk7hWtgf01oks":{"registrationId":2724,"currentRatchet":{"ephemeralKeyPair":{"pubKey":"BROrwcx7MG3G8b+DkIRTW78fJicXiLISb5L7RV9oUNoG","privKey":"UIMIAtfGWCpU/eBtWn1iNUepeA3CUeBQQ7M5K2Zd1Wk="},"lastRemoteEphemeralKey":"BTRysob+jqv+BlTU7ZXKyfzIU8EQPdr88Uzn2CO8BuJG","previousCounter":0,"rootKey":"ujnPxW62BVu6RCl3XOgrZvCOHBKjpE/2cT2yDyVBxeM="},"indexInfo":{"baseKey":"Bc9ND6qVURGK89TAwmTWk78B+rY0gpCKk7hWtgf01oks","baseKeyType":2,"closed":-1,"used":1728977638461,"created":1728977638461,"remoteIdentityKey":"BbFI6CdJbC0vXsG4h+h+9yDpxGyKN/d4mlaxo5hvN+FW"},"_chains":{"BTRysob+jqv+BlTU7ZXKyfzIU8EQPdr88Uzn2CO8BuJG":{"chainKey":{"counter":1,"key":"Jn0e27JYXXWmnlq7xDTh5HctCX9l65kmMVao5Pd4T6o="},"chainType":2,"messageKeys":{}},"BROrwcx7MG3G8b+DkIRTW78fJicXiLISb5L7RV9oUNoG":{"chainKey":{"counter":-1,"key":"bgApP9fiv066CT7YT3spX1VcKwwqR5qDZ6W1+iI5QYo="},"chainType":1,"messageKeys":{}}}}},"version":"v1"}