{"_sessions":{"BblTj/taF1oWoXnOuOeRthdHGqOkGWn87mUHk4AXTOdD":{"registrationId":1558756954,"currentRatchet":{"ephemeralKeyPair":{"pubKey":"Bf672XxwaDo8tMsb564F1VfN9srvDyvLfkMdeEhOeYwO","privKey":"EDof63e8q1YINmleBDg1X61f5dw1zccovuM86IMVdl8="},"lastRemoteEphemeralKey":"Ber4WTKzlAXy7MLlMQ0SO+qB8wtyQMENudIVHMBq1JNA","previousCounter":0,"rootKey":"aur5ZtAUOsXFBQzoYQLjtwp603xtQG6dYKE6PysOLA8="},"indexInfo":{"baseKey":"BblTj/taF1oWoXnOuOeRthdHGqOkGWn87mUHk4AXTOdD","baseKeyType":1,"closed":-1,"used":1728977804957,"created":1728977804957,"remoteIdentityKey":"BamxdxZynF4Nucnf4AzIoC1n8GTlFi/ujuQ78wojIORt"},"_chains":{"Bf672XxwaDo8tMsb564F1VfN9srvDyvLfkMdeEhOeYwO":{"chainKey":{"counter":0,"key":"/4O40Jb5LD+tPQ0YOPfUiUfZP9zKikywEyuHHGWQAoc="},"chainType":1,"messageKeys":{}}},"pendingPreKey":{"signedKeyId":1,"baseKey":"BblTj/taF1oWoXnOuOeRthdHGqOkGWn87mUHk4AXTOdD","preKeyId":16061109}}},"version":"v1"}