{"_sessions":{"BTVl7+3rjSg8B7r4hPDtHNi9HkeDStOWOvfhWpARdAkO":{"registrationId":345229583,"currentRatchet":{"ephemeralKeyPair":{"pubKey":"BYhRGY7bxuKpS6Vj4U+kZGX3Wped+blnDKgyET65UGAi","privKey":"ODSYUOj5eNzm7CVXN98RNB0Suou06dLCjDmBUAw6m30="},"lastRemoteEphemeralKey":"BUhxzWyBHHlbjLSX0KwhunM4jUIHDD8RyFR9rJ701p4w","previousCounter":0,"rootKey":"vyrJt2mumiqZLcsBf0cepQZ4FfrNhcLa+NK76qbRqbs="},"indexInfo":{"baseKey":"BTVl7+3rjSg8B7r4hPDtHNi9HkeDStOWOvfhWpARdAkO","baseKeyType":2,"closed":-1,"used":1728977626216,"created":1728977626216,"remoteIdentityKey":"Baoz1k9yxSgXlm/efhvhdu5ES2sUdULmidJY2A/644Ju"},"_chains":{"BUhxzWyBHHlbjLSX0KwhunM4jUIHDD8RyFR9rJ701p4w":{"chainKey":{"counter":2,"key":"5SFWZ35gI3eEuo0kkzIfV02r0641z3yqmKnERyJXtKc="},"chainType":2,"messageKeys":{}},"BYhRGY7bxuKpS6Vj4U+kZGX3Wped+blnDKgyET65UGAi":{"chainKey":{"counter":-1,"key":"z+294BVUS/SGJiHG8/Ic5e93W6A4KhM8q6L9ib0/FZ4="},"chainType":1,"messageKeys":{}}}}},"version":"v1"}