{"_sessions":{"BeEy+q4dWvPGTJVt1cFCXAZEPspfIHrEne9P20vwUu5Z":{"registrationId":117431722,"currentRatchet":{"ephemeralKeyPair":{"pubKey":"BQxB6hw4auA003oWIV1QoVdM5P/avqBheLzHKiF3vf4T","privKey":"KFow2raOpzC5wtOFPDXmzB7Np7pQs/gIjXYU+rzGv2s="},"lastRemoteEphemeralKey":"BdVWYCFHFM6CNAWMlKlJ1Ry2WQijyjgkm7dFCPJX2p8D","previousCounter":0,"rootKey":"gi9QIMkQ7DIkDfbbtJsbSHXipDUybd1KUvap8M4Bc+Y="},"indexInfo":{"baseKey":"BeEy+q4dWvPGTJVt1cFCXAZEPspfIHrEne9P20vwUu5Z","baseKeyType":1,"closed":-1,"used":1728918655849,"created":1728918655849,"remoteIdentityKey":"BUlCX9qZJrtRlIgfoupuHUnNh70lqJedKwlM9NLq59IL"},"_chains":{"BQxB6hw4auA003oWIV1QoVdM5P/avqBheLzHKiF3vf4T":{"chainKey":{"counter":0,"key":"x23fwdL+oVmx/FcN1EOS9HrFWVfKxi5IkuKO/Gq4Qh8="},"chainType":1,"messageKeys":{}}},"pendingPreKey":{"signedKeyId":4,"baseKey":"BeEy+q4dWvPGTJVt1cFCXAZEPspfIHrEne9P20vwUu5Z","preKeyId":4151546}}},"version":"v1"}