{"_sessions":{"BZxyp4k4S1tMbrgcUk+CirDugvTEPIJHWc2nt/+4w982":{"registrationId":1810685353,"currentRatchet":{"ephemeralKeyPair":{"pubKey":"BVsmEjsd8nyq2G+rhJe5RG82woTWRQndv5Klbc6W3Sgz","privKey":"2IYDqpfTlIE4gIbsu2NnIXRpzkpfGPXbXfXzoBAxTEU="},"lastRemoteEphemeralKey":"BeqLgx7YpQ/LgEiCp2lwQVH411nQzQSZrAux0ihPRq4X","previousCounter":0,"rootKey":"q32GZolm9F7DZ+x1zTvILNIMOplV7cQmxeR6Ra57I3A="},"indexInfo":{"baseKey":"BZxyp4k4S1tMbrgcUk+CirDugvTEPIJHWc2nt/+4w982","baseKeyType":2,"closed":-1,"used":1728977667917,"created":1728977667917,"remoteIdentityKey":"BSb0TIca2xrGEV/RtIr9Q3R4kK9KxNAKgsHwz7a+Cx9z"},"_chains":{"BeqLgx7YpQ/LgEiCp2lwQVH411nQzQSZrAux0ihPRq4X":{"chainKey":{"counter":0,"key":"4UH0tdM/gQZDouvCMb2EbopOL+FpFMSIJezfLT7oDg0="},"chainType":2,"messageKeys":{}},"BVsmEjsd8nyq2G+rhJe5RG82woTWRQndv5Klbc6W3Sgz":{"chainKey":{"counter":-1,"key":"5J+ktTuCUTDyPOatKaQh7LuwatUMAAnKCiC9P77hULo="},"chainType":1,"messageKeys":{}}}}},"version":"v1"}