{"_sessions":{"BVDl/idnAjp/cLK718bXvzbFL3dxaw/27/Ywe4T06DQN":{"registrationId":636961609,"currentRatchet":{"ephemeralKeyPair":{"pubKey":"BSNLJV1+i52qefkO2dFvmPkfn9ix3rYwrlIFyIM+JTAv","privKey":"iO/uQcxNQ5s6LRhCfbQO+tu4PjBC5vfj5IzTXZ/f/EQ="},"lastRemoteEphemeralKey":"BeXR77e3Y4JGDrBc4QcGeUMp+M/jVImxPDk8TmZCsSII","previousCounter":0,"rootKey":"bbxjSovmc3yXXz7v2SGyFmDUp62e5kpiSuJJKQhiGhU="},"indexInfo":{"baseKey":"BVDl/idnAjp/cLK718bXvzbFL3dxaw/27/Ywe4T06DQN","baseKeyType":2,"closed":-1,"used":1728977640889,"created":1728977640889,"remoteIdentityKey":"BQheeNGOtG4RwISxNSOKFPUgOyIoQubUAdKNfG0+OUBn"},"_chains":{"BeXR77e3Y4JGDrBc4QcGeUMp+M/jVImxPDk8TmZCsSII":{"chainKey":{"counter":2,"key":"1koi2xt7U12qUsP2ZACl5CRhHqe5WapZatK2bZc3JM4="},"chainType":2,"messageKeys":{}},"BSNLJV1+i52qefkO2dFvmPkfn9ix3rYwrlIFyIM+JTAv":{"chainKey":{"counter":-1,"key":"YKyvEcEOfj5yHEnbpBQ5LZE3nf06JpfNo7JBen2dRq0="},"chainType":1,"messageKeys":{}}}}},"version":"v1"}