{"_sessions":{"BSwrnUJDBpiXDbAIzErskutW2hm3TQL/EM/iYKoG3gJu":{"registrationId":1135337172,"currentRatchet":{"ephemeralKeyPair":{"pubKey":"BadDAakLSMVc4jcsVuRGhSz0fJw5/jh0ZaRnA2GYRlsv","privKey":"eHM7xk0mOd/NuWdpjsZOreNxlsyyKxaqV0eEOztq7mA="},"lastRemoteEphemeralKey":"Bf2+DD0rswLWrVuDZkHJBFHqeFqWt5YyUEgUzkKz9lcw","previousCounter":0,"rootKey":"lsOEoGVlI++lKipRjQUOlKUuBLIMGiCmz+/IZp68cwI="},"indexInfo":{"baseKey":"BSwrnUJDBpiXDbAIzErskutW2hm3TQL/EM/iYKoG3gJu","baseKeyType":2,"closed":-1,"used":1728977638420,"created":1728977638420,"remoteIdentityKey":"BZkitjFRxmGwscrEfabs6Kl4LzHbITuLBBwqR8QW4+QM"},"_chains":{"Bf2+DD0rswLWrVuDZkHJBFHqeFqWt5YyUEgUzkKz9lcw":{"chainKey":{"counter":0,"key":"rPb0F3s9U08BiykZ7IwD99yYFqKMgKNMop6kwTyyM4Y="},"chainType":2,"messageKeys":{}},"BadDAakLSMVc4jcsVuRGhSz0fJw5/jh0ZaRnA2GYRlsv":{"chainKey":{"counter":-1,"key":"5AHHavoMpYq9Ell3nGkJfiBU//oUey8NeILLVLNsGj4="},"chainType":1,"messageKeys":{}}}}},"version":"v1"}