{"_sessions":{"BcJewKnldvc4FejAzAjTTatPwEO+hOzDVXQ5OlwS2bRn":{"registrationId":2002780996,"currentRatchet":{"ephemeralKeyPair":{"pubKey":"Bfw0phmycplLWgap0NjHG4nvF5OAaFRiazQJ3YPdlshK","privKey":"6OIqZelmmKjMpHa6lwzmKnVVdu6vZon38Jam3bTV3ms="},"lastRemoteEphemeralKey":"BYn8eEP4YgDXV04Tycfl/LkGrhh5vnmomnTqAJlIRj58","previousCounter":0,"rootKey":"g0Wh9bXNOGDvbQs/xzjRfl/h7yp3TNPmtgfQ0yownaY="},"indexInfo":{"baseKey":"BcJewKnldvc4FejAzAjTTatPwEO+hOzDVXQ5OlwS2bRn","baseKeyType":2,"closed":-1,"used":1728977640748,"created":1728977640748,"remoteIdentityKey":"BRG1vhmLox5bUa5eW9zuH6ZHAiiYIWfGhfHlP10/uKtB"},"_chains":{"BYn8eEP4YgDXV04Tycfl/LkGrhh5vnmomnTqAJlIRj58":{"chainKey":{"counter":0,"key":"XK8ly2OZI8Zn88ZygG1B7i+u6zHBmUAsLkVgTusx740="},"chainType":2,"messageKeys":{}},"Bfw0phmycplLWgap0NjHG4nvF5OAaFRiazQJ3YPdlshK":{"chainKey":{"counter":-1,"key":"uhRowjXAO8jcEYvslyprm9bczBK5L9OOP0R1Lhu5HaU="},"chainType":1,"messageKeys":{}}}}},"version":"v1"}