{"_sessions":{"BU47deUb10GPUfoa25PBLeWTMifRHc4PoyLl6wd4e8I2":{"registrationId":467265536,"currentRatchet":{"ephemeralKeyPair":{"pubKey":"BfwkHa+zRuTJ8k20iA+lou35CVw4OdEcBTZ8N1bfWbdd","privKey":"2BPWAGYX5/GgnSgEU8GuZOpcLu2zvsW5x4g1hvclHXY="},"lastRemoteEphemeralKey":"BfolFRpDsKD/YgZp4FC2FFI57doyEVhlr2w5qcnidZ4s","previousCounter":0,"rootKey":"tmmh2fJ/gkfyqrq6PvNmP9fGk97SEU5RxitG7neo2lU="},"indexInfo":{"baseKey":"BU47deUb10GPUfoa25PBLeWTMifRHc4PoyLl6wd4e8I2","baseKeyType":1,"closed":-1,"used":1728977804968,"created":1728977804968,"remoteIdentityKey":"BZpS68hdYOhnKUMsuGBhHuvYG8bpv1Cpyg6vhUbHZEkX"},"_chains":{"BfwkHa+zRuTJ8k20iA+lou35CVw4OdEcBTZ8N1bfWbdd":{"chainKey":{"counter":0,"key":"bvimP1rFoNLfeqhBx6RGUS3Oe4A9a3Uz1O+i9iqXsu4="},"chainType":1,"messageKeys":{}}},"pendingPreKey":{"signedKeyId":9,"baseKey":"BU47deUb10GPUfoa25PBLeWTMifRHc4PoyLl6wd4e8I2","preKeyId":7992106}}},"version":"v1"}