{"_sessions":{"Bb37rSxLnxlakhyS4jUUvOewdsPseNNQIvW+kCXjBNY8":{"registrationId":1093626445,"currentRatchet":{"ephemeralKeyPair":{"pubKey":"BSg6FbHAiHbp0xjSFcn9ODgawtzCI4qcdNmmUJd/wx0j","privKey":"8Ltd2qOk7yvrfukGXys7BPTfXMg2iAqoMH6jh+vBvl8="},"lastRemoteEphemeralKey":"BcUX3CIq6pouRUSIgG/wCwsz58yq0WY2cK2QVHybzjx2","previousCounter":0,"rootKey":"QXrrnVz8FG4FwPqqWnF6XG/jdLcGuT3Cdfl9Ur4Vef0="},"indexInfo":{"baseKey":"Bb37rSxLnxlakhyS4jUUvOewdsPseNNQIvW+kCXjBNY8","baseKeyType":2,"closed":-1,"used":1728977639928,"created":1728977639928,"remoteIdentityKey":"BfPKuhY/rqSUQNAJQY3Bno67F0xF1eaAtMx+GQidVLAr"},"_chains":{"BcUX3CIq6pouRUSIgG/wCwsz58yq0WY2cK2QVHybzjx2":{"chainKey":{"counter":1,"key":"meWZukrWPnXJdny6wFffzRcAlBKTjsLXGkoPGTwjTug="},"chainType":2,"messageKeys":{}},"BSg6FbHAiHbp0xjSFcn9ODgawtzCI4qcdNmmUJd/wx0j":{"chainKey":{"counter":-1,"key":"o3mImvS621EfPUTxiwmF7N8w6ejyGuGxvIryv+62EJ8="},"chainType":1,"messageKeys":{}}}}},"version":"v1"}