{"_sessions":{"BY+RPgrEiqd6Q7O8uv0FyMr9k6A9BFrryLrJbioVQMg4":{"registrationId":468580556,"currentRatchet":{"ephemeralKeyPair":{"pubKey":"BTnu1T3TsU5tNmxCOMb8ic7y7Ja/ezW6xxKda4X799AU","privKey":"KHhKF8lnkk5DLQrxLWPjXJlkY0Mr2Lg6RdopEQcyyWI="},"lastRemoteEphemeralKey":"BRtvQExiIXYnuHpFXxDG/L5bwwrIa307f+O34iy589ku","previousCounter":0,"rootKey":"/VkKxjQ8tTPcc8sVqE0X2Sjk6cF7Qpuj3pUBaHL4a/8="},"indexInfo":{"baseKey":"BY+RPgrEiqd6Q7O8uv0FyMr9k6A9BFrryLrJbioVQMg4","baseKeyType":1,"closed":-1,"used":1728977648684,"created":1728918655862,"remoteIdentityKey":"BaIH01VRL0V55ZEZRXTuATdphM2h6fBFpq0qM/ZNzKsp"},"_chains":{"BRtvQExiIXYnuHpFXxDG/L5bwwrIa307f+O34iy589ku":{"chainKey":{"counter":1,"key":"A04qpopizYVt4OmF4HySidMKeJEpTP3gIlavQxaAlm8="},"chainType":2,"messageKeys":{}},"BTnu1T3TsU5tNmxCOMb8ic7y7Ja/ezW6xxKda4X799AU":{"chainKey":{"counter":0,"key":"dyLa/DPOTpxtPJl0cN60dLH098+LEboTtZxENcEMICU="},"chainType":1,"messageKeys":{}}}}},"version":"v1"}