{"_sessions":{"BRlBaN9Io1AOgeVZBWzOWpUMfCyGk6citwz/gvK5ppVm":{"registrationId":1028155068,"currentRatchet":{"ephemeralKeyPair":{"pubKey":"BedO6j/jsEK7PKNnYAaFjZaiy+A6u7HQnguBFH8nFn8g","privKey":"6CByR5t6j8D7EjktKGJD0QdqCswIVqqT6LVOiw+7Ulc="},"lastRemoteEphemeralKey":"BflxZusrJlhHxno66UtfUk+RujAYRk4VD4QglSr7ppJe","previousCounter":0,"rootKey":"i6II11WQTJ0tKo/bJEsWY7trAOawcTWnJm2BtEahM9A="},"indexInfo":{"baseKey":"BRlBaN9Io1AOgeVZBWzOWpUMfCyGk6citwz/gvK5ppVm","baseKeyType":2,"closed":-1,"used":1728918632695,"created":1728918632695,"remoteIdentityKey":"BelBU7CWZcwIUsie65NwDlgM3bW9fttvGvwq0AbWvpJN"},"_chains":{"BflxZusrJlhHxno66UtfUk+RujAYRk4VD4QglSr7ppJe":{"chainKey":{"counter":0,"key":"EZ7nl2xw7SM/qN1T8CoI1xpFTqOhIAEjYgSFUufjIbA="},"chainType":2,"messageKeys":{}},"BedO6j/jsEK7PKNnYAaFjZaiy+A6u7HQnguBFH8nFn8g":{"chainKey":{"counter":-1,"key":"AuzOkcBQdY52oycVbI9rYRrCeVbUXPN2SLjyykKHA+0="},"chainType":1,"messageKeys":{}}}}},"version":"v1"}