{"_sessions":{"BSmYsetfoYaCewrftngmfveoofBCjeVC7MsFzHqCTu8D":{"registrationId":1320387056,"currentRatchet":{"ephemeralKeyPair":{"pubKey":"BQRSc5cIzv0CUGOB6+sJX8kg7/GZ7+gWO5B03Mt1jHZ7","privKey":"AMRfsfmU/I2Xu6TD3rJjdE82cprxmhuFzXrnV3G9RGw="},"lastRemoteEphemeralKey":"Be70FGO/1uOrgcwf6UrIRse14I2YouAnEOZh5JI2RpAx","previousCounter":0,"rootKey":"FWUPoxucBQ+KykxRXTGx6H0BxeSAPVMRaa3D9Cwuk+8="},"indexInfo":{"baseKey":"BSmYsetfoYaCewrftngmfveoofBCjeVC7MsFzHqCTu8D","baseKeyType":2,"closed":-1,"used":1728977667956,"created":1728977667956,"remoteIdentityKey":"BTVHlg8pRK+XiDDrzasdwsTOk3xRf462ttWaDos0s2hE"},"_chains":{"Be70FGO/1uOrgcwf6UrIRse14I2YouAnEOZh5JI2RpAx":{"chainKey":{"counter":0,"key":"VG4kNTD5J+hAQWREVowkO9+gduJR4X/fbD6lYlA4XvQ="},"chainType":2,"messageKeys":{}},"BQRSc5cIzv0CUGOB6+sJX8kg7/GZ7+gWO5B03Mt1jHZ7":{"chainKey":{"counter":-1,"key":"7ejPYqRVM9zHE8UgQPHOU8MTOb356c+HTu1bpb/PI08="},"chainType":1,"messageKeys":{}}}}},"version":"v1"}