{"_sessions":{"BXxCrSkvq6aLQhtPSWayv5r69jbGesYH7cU/cegFGYsO":{"registrationId":801011308,"currentRatchet":{"ephemeralKeyPair":{"pubKey":"BfdWeRDb2olbC1IcjGfh79pUUN6YHyxzMck6mt2SkGU9","privKey":"+FHMAjU7XhbKewo+7KH4dH6AWhCCnzhVwysfVsCWOFY="},"lastRemoteEphemeralKey":"BSCKHzJ1aycTl49HR4VPGDCnwnkxs8U5jkaxlarvZ6Ns","previousCounter":0,"rootKey":"r81DZZHFiUVJF3PhnWXJx96DHTayYVX/TV6Qzf32pXM="},"indexInfo":{"baseKey":"BXxCrSkvq6aLQhtPSWayv5r69jbGesYH7cU/cegFGYsO","baseKeyType":2,"closed":-1,"used":1728977648509,"created":1728977648509,"remoteIdentityKey":"BQ+mh9SKYf2wyMeP09OJwvD/rM0ZNa30JKoHlWQ9E1hl"},"_chains":{"BSCKHzJ1aycTl49HR4VPGDCnwnkxs8U5jkaxlarvZ6Ns":{"chainKey":{"counter":0,"key":"iDI0hBHy2vygnX2U80Y//G6XFAm/F012EpI1OrJEsC0="},"chainType":2,"messageKeys":{}},"BfdWeRDb2olbC1IcjGfh79pUUN6YHyxzMck6mt2SkGU9":{"chainKey":{"counter":-1,"key":"KjAYTaqoDfomsw05W/cIpHiOTzYyQfRLsAkp0KjPaC0="},"chainType":1,"messageKeys":{}}}}},"version":"v1"}