{"_sessions":{"BR6m0221qz47bXZJHZaWAGLy4oPo2zfUyaWA3O1kgus4":{"registrationId":669083107,"currentRatchet":{"ephemeralKeyPair":{"pubKey":"BaQsJ2MNhcR4fj1TjV7kkRUhbwSAwl5bFRuTeAgtY2ER","privKey":"MMarQ6GXMPWluovTcqPBQQ7ssAv9fHj+p4r9M+Y2oFo="},"lastRemoteEphemeralKey":"BdKIpj5Rk+4tvATXY0P1FxzlJf478xbG21UpqOtQQek9","previousCounter":0,"rootKey":"FH9oRjSRvfwUXZH3vTwkfyovwH6WJTx5j5k/kdxHolE="},"indexInfo":{"baseKey":"BR6m0221qz47bXZJHZaWAGLy4oPo2zfUyaWA3O1kgus4","baseKeyType":2,"closed":-1,"used":1728977640917,"created":1728977640917,"remoteIdentityKey":"Bdy9Zd+DRtQ+wKVwtHydf5jGYmvxnnDlpUwU/rO7Dytl"},"_chains":{"BdKIpj5Rk+4tvATXY0P1FxzlJf478xbG21UpqOtQQek9":{"chainKey":{"counter":0,"key":"4uv7EkfjqvI+z4aFyN/yTMelQSp7iUIQnIVQ9Lw+c2s="},"chainType":2,"messageKeys":{}},"BaQsJ2MNhcR4fj1TjV7kkRUhbwSAwl5bFRuTeAgtY2ER":{"chainKey":{"counter":0,"key":"ACGeSNJsbMm6lcMOdEc/mRkptnbysu1irPbr/JOghm8="},"chainType":1,"messageKeys":{}}}}},"version":"v1"}