{"_sessions":{"BeoMPJeo7TmK5weOQ1nKkXm3CFGUm+6WgD/VkRZAUXVr":{"registrationId":1415949699,"currentRatchet":{"ephemeralKeyPair":{"pubKey":"BTN3O2V2ERylo3pfYLz4NInKpGKsm+QWUAiC3iTYB7BB","privKey":"QP3H2h9/9Lf/OtqQpvdsH8VbNCmU4xx9rXaZpITBomg="},"lastRemoteEphemeralKey":"Baz5GEJJDAgcx9yMijj6TA5NbuWAYEBpOcc6qOgjGHYM","previousCounter":0,"rootKey":"tF0BNWiyISEsIyd3KHe7a1jVzeqYmi0HL1+MwzXDiB0="},"indexInfo":{"baseKey":"BeoMPJeo7TmK5weOQ1nKkXm3CFGUm+6WgD/VkRZAUXVr","baseKeyType":1,"closed":-1,"used":1728977804998,"created":1728977804998,"remoteIdentityKey":"BVQJ+l5e3tfzDEuW34YkdL65hNq3cATieIKz+dBHLvYv"},"_chains":{"BTN3O2V2ERylo3pfYLz4NInKpGKsm+QWUAiC3iTYB7BB":{"chainKey":{"counter":0,"key":"+7Z8uEdR3GisOrT1k89xM2Xu94GEpssBkFi0XecW5nw="},"chainType":1,"messageKeys":{}}},"pendingPreKey":{"signedKeyId":13,"baseKey":"BeoMPJeo7TmK5weOQ1nKkXm3CFGUm+6WgD/VkRZAUXVr","preKeyId":9913387}}},"version":"v1"}