{"_sessions":{"BSr7fth5q9UB4Q2Vo4Qz1dFfw04Xe8nBUOfqBinzquVH":{"registrationId":303385695,"currentRatchet":{"ephemeralKeyPair":{"pubKey":"BSSDKH/zLDONVYQrG4Cz/3O+buFgnd8b8cXVPxzUzZ8I","privKey":"kDZqy4mDO00XIGOcEOvG6hlBBJuLmk8g+V44pfBDbkI="},"lastRemoteEphemeralKey":"BTWjM49ldJme0jVBMMlXgkjDEWg/i5psiJRPCuWbfkxY","previousCounter":0,"rootKey":"G7ZlfSLBb3Xww/zQq5cR3V1uYkaMmDn/KQMeDcRfVgQ="},"indexInfo":{"baseKey":"BSr7fth5q9UB4Q2Vo4Qz1dFfw04Xe8nBUOfqBinzquVH","baseKeyType":2,"closed":-1,"used":1728977641385,"created":1728977641385,"remoteIdentityKey":"BdhGsQ9KS/vjtXytz13LUczUWl53G5aTNU95zidY1WRe"},"_chains":{"BTWjM49ldJme0jVBMMlXgkjDEWg/i5psiJRPCuWbfkxY":{"chainKey":{"counter":0,"key":"hNfiz0sz1Uln63Q+WCp5yJJb+j9gmh2Yhzvk8nRLgZQ="},"chainType":2,"messageKeys":{}},"BSSDKH/zLDONVYQrG4Cz/3O+buFgnd8b8cXVPxzUzZ8I":{"chainKey":{"counter":-1,"key":"v2uTsDl9OtUfCdnSyJbagC/M2uY8O2S6ng8pNBq+lgE="},"chainType":1,"messageKeys":{}}}}},"version":"v1"}