{"_sessions":{"BR5+nBSUPteLklY+NabxtMP0Nli78XH8o1nLpGRCgiQc":{"registrationId":1813127452,"currentRatchet":{"ephemeralKeyPair":{"pubKey":"BaDBWjvM0oSDi/nHI+qVBG+mbKRTn+RcxbSP7mV9X4EA","privKey":"WHzPMEL2qHjssykkR8kzfe0M8KGhMbtxp6YMm6dkE0c="},"lastRemoteEphemeralKey":"BWPBys2NA8gRN1alw4R0Ua2/bQM/hAj15F0MFiHaP08V","previousCounter":0,"rootKey":"8sD1g7q5NXE3mb17CzFxSvHju5AY7C6Vrd75bNwsuUU="},"indexInfo":{"baseKey":"BR5+nBSUPteLklY+NabxtMP0Nli78XH8o1nLpGRCgiQc","baseKeyType":2,"closed":-1,"used":1728977641415,"created":1728977641415,"remoteIdentityKey":"BfvcX4hON0k3qwAss12yerQCbl4aDebMeY9BONwcP65i"},"_chains":{"BWPBys2NA8gRN1alw4R0Ua2/bQM/hAj15F0MFiHaP08V":{"chainKey":{"counter":1,"key":"mE0I6/jIHSl4JVt+AwLa14+v9K5Xk4uUlQJt1i8jdK0="},"chainType":2,"messageKeys":{}},"BaDBWjvM0oSDi/nHI+qVBG+mbKRTn+RcxbSP7mV9X4EA":{"chainKey":{"counter":-1,"key":"vBUo1HQZ15z2YQQO7SQ3p4Wgjch3pRviE54raS/I5z4="},"chainType":1,"messageKeys":{}}}}},"version":"v1"}