{"_sessions":{"BXIueZCApf/295ggcvDqQ7zumqIX0UUrnU5B5DDRvP9t":{"registrationId":626728596,"currentRatchet":{"ephemeralKeyPair":{"pubKey":"BRNzRMmCqqGDAmnnb8+EpEgKiTMsiWoimzIVkIL4KP5C","privKey":"eEv86ljo01U1kvw8GbSxPTkAWbgTXCcq4M7HWS3J0FA="},"lastRemoteEphemeralKey":"BRX2AT4spaaOvy/224pJtgljVoZTZPaHROFhq/aiEBlR","previousCounter":0,"rootKey":"t5XhangFUNddFx99IRKHSokgZdOjQxOhtSSKa2Fnv94="},"indexInfo":{"baseKey":"BXIueZCApf/295ggcvDqQ7zumqIX0UUrnU5B5DDRvP9t","baseKeyType":1,"closed":-1,"used":1728977804994,"created":1728977804994,"remoteIdentityKey":"BZ3gLkMtnxlIh2cbc+M+sNZ+bjP05StRWpXB+FpFcFA8"},"_chains":{"BRNzRMmCqqGDAmnnb8+EpEgKiTMsiWoimzIVkIL4KP5C":{"chainKey":{"counter":0,"key":"8tUN2wtAr9sGd8r7KT8wmZl6M97PbzPYsEOg2QmSZOM="},"chainType":1,"messageKeys":{}}},"pendingPreKey":{"signedKeyId":3,"baseKey":"BXIueZCApf/295ggcvDqQ7zumqIX0UUrnU5B5DDRvP9t","preKeyId":11452649}}},"version":"v1"}