{"_sessions":{"Bai3YkzWjzc2kgU5IMcwURi/2VcgHPD2KbUoreg9T1VA":{"registrationId":11015077,"currentRatchet":{"ephemeralKeyPair":{"pubKey":"BafiJsss/upWO9+7G0SXY0Gq5yJPZ6dMoQCOwOUoe1Fl","privKey":"YGa+4pPsN/mJOe9riqusYqoI266crTlzEjpVmA/HtU8="},"lastRemoteEphemeralKey":"BaWX7YaANh6ByG+UAOA1l/bty3EKdzFYMmU6hAN4FyFs","previousCounter":0,"rootKey":"O/uHkGqACLDB8QK6BZ/eLvyeeJmGVLpMa3SVISq8mfo="},"indexInfo":{"baseKey":"Bai3YkzWjzc2kgU5IMcwURi/2VcgHPD2KbUoreg9T1VA","baseKeyType":2,"closed":-1,"used":1728977647855,"created":1728977647855,"remoteIdentityKey":"BR1h/zVsgCnEtkowYu2VfrMkJxZyphWH0bEvIsyWWhlt"},"_chains":{"BaWX7YaANh6ByG+UAOA1l/bty3EKdzFYMmU6hAN4FyFs":{"chainKey":{"counter":0,"key":"GNJCeXk3HI6PcHUcrt2A8WizITdX4ItihstgAM1cgoM="},"chainType":2,"messageKeys":{}},"BafiJsss/upWO9+7G0SXY0Gq5yJPZ6dMoQCOwOUoe1Fl":{"chainKey":{"counter":-1,"key":"WxTv6IE2NPDr6N3unR6jA4erVLshs7Y9JFjowrzzlL4="},"chainType":1,"messageKeys":{}}}}},"version":"v1"}