{"_sessions":{"BRx1pT/ZmDxCqQ8VBN4GwL1FNbdXpNOU2rm0q/QBlitz":{"registrationId":1295127108,"currentRatchet":{"ephemeralKeyPair":{"pubKey":"BecuwX6df4Y5ehsFT2cLEezqLoVAQywy8jnibOWpTyYF","privKey":"8DLlqYR/Mh68bI3Rv0A2zIFcEpGHpVIG5wkgg+Jfk0I="},"lastRemoteEphemeralKey":"BdZTjsvd/qkuelmXbKcmxnpDZ+RpjSNkKvgM+J+UkPZI","previousCounter":0,"rootKey":"+asoF4hrIXQ7KpD1cAlAOc1523V5GUa9NPOagbk9KkI="},"indexInfo":{"baseKey":"BRx1pT/ZmDxCqQ8VBN4GwL1FNbdXpNOU2rm0q/QBlitz","baseKeyType":2,"closed":-1,"used":1728977641255,"created":1728977641255,"remoteIdentityKey":"Bditysmvj7V2YhQh6/1Qd42i5CVV2Fu87NhykPHr2N4J"},"_chains":{"BdZTjsvd/qkuelmXbKcmxnpDZ+RpjSNkKvgM+J+UkPZI":{"chainKey":{"counter":1,"key":"LodgGFPFL09fjcTwlxDM+uZTBu7Y82gJIktOqMqzPBQ="},"chainType":2,"messageKeys":{}},"BecuwX6df4Y5ehsFT2cLEezqLoVAQywy8jnibOWpTyYF":{"chainKey":{"counter":-1,"key":"xk9JPOQ6xac1N/+CGu9K6Fe6s8u4PMTWN1oPNiLeIug="},"chainType":1,"messageKeys":{}}}}},"version":"v1"}