{"_sessions":{"BfxPBUvzQUqvTE3bH+pJdezM9E6HoBd9TV9U+1GuvKtn":{"registrationId":1023408425,"currentRatchet":{"ephemeralKeyPair":{"pubKey":"BUtrj/WqZmlIGBRgjwmHRB7W13kHkvQP+1hnuHf3pQZf","privKey":"EH0LA36JDLcvLWxLuni6g/Hnpf3jLue/RkXk7Jt5FnY="},"lastRemoteEphemeralKey":"BfhkQuHv/SpK7jjL5K4RiRjEEGRAGayA38b1zGTzE7sN","previousCounter":0,"rootKey":"hpZddl2aAptZSTtVyT4XcoE4uZAFBT3zEEONUetxMFQ="},"indexInfo":{"baseKey":"BfxPBUvzQUqvTE3bH+pJdezM9E6HoBd9TV9U+1GuvKtn","baseKeyType":1,"closed":-1,"used":1728977804961,"created":1728977804961,"remoteIdentityKey":"Bb4O5dqSyfQAGbIsbKuJWrGg7JlRX8vC6TwoLJcr+plL"},"_chains":{"BUtrj/WqZmlIGBRgjwmHRB7W13kHkvQP+1hnuHf3pQZf":{"chainKey":{"counter":0,"key":"Jf1P1rFC9WPJdB0qia1PNl6iBlBJ+APS+q4Hc7oo2/c="},"chainType":1,"messageKeys":{}}},"pendingPreKey":{"signedKeyId":41,"baseKey":"BfxPBUvzQUqvTE3bH+pJdezM9E6HoBd9TV9U+1GuvKtn","preKeyId":11811712}}},"version":"v1"}