{"_sessions":{"BZSr2Jv0EEKwV9WvavM+BOcsLzI15VU22anQjSQwUBIX":{"registrationId":509727266,"currentRatchet":{"ephemeralKeyPair":{"pubKey":"BcxegChokFVIp9lTzzQcxo9R27nNh2FoQqnaWzpUW9lX","privKey":"8II35nfvDtaS0DMP8VfQWrASPgbqST2xVWyPtQjYCWI="},"lastRemoteEphemeralKey":"BeKRr7vtWcwG+vwt+wanURd2E4i9DRJPxU5nW/OxvTR2","previousCounter":0,"rootKey":"pTyMXJv9VI+rDsOXmItkMlEi/fr6dsSsGVNk/MWnHlI="},"indexInfo":{"baseKey":"BZSr2Jv0EEKwV9WvavM+BOcsLzI15VU22anQjSQwUBIX","baseKeyType":2,"closed":-1,"used":1728977822784,"created":1728977822784,"remoteIdentityKey":"Bf/fArZ7/aTS2FYjHtx+ath/48eTB3hpJ/lG94+yXptY"},"_chains":{"BeKRr7vtWcwG+vwt+wanURd2E4i9DRJPxU5nW/OxvTR2":{"chainKey":{"counter":0,"key":"owPjUN/suFBizM9RU/pvnd36w9Nnah9LCVJuc8uZvmU="},"chainType":2,"messageKeys":{}},"BcxegChokFVIp9lTzzQcxo9R27nNh2FoQqnaWzpUW9lX":{"chainKey":{"counter":-1,"key":"hUDldPyuVAI/R9I/1utSQsWH6nXzS2ZLDYdzSZBGLG8="},"chainType":1,"messageKeys":{}}}}},"version":"v1"}