{"_sessions":{"BaEEWt6I1sOt5FXrOQnrGME9aUiTRIL2AmTiL0MnVAsP":{"registrationId":1788902428,"currentRatchet":{"ephemeralKeyPair":{"pubKey":"BSzQGUUNxofU6J467riOWGoW7obSTfcstgikBciSVIQt","privKey":"aIf82kNZOqNnsaU4igA9fM9fb5vJBospKU2/SlhYinA="},"lastRemoteEphemeralKey":"BbwTi7kVhR7CqjIcLl0AKtji0syjO+fSSnLoKA4OmqR+","previousCounter":0,"rootKey":"MztGa2xL9e4lnr6VfPMdvfQ1FB6UYUh349TAJrkE5og="},"indexInfo":{"baseKey":"BaEEWt6I1sOt5FXrOQnrGME9aUiTRIL2AmTiL0MnVAsP","baseKeyType":2,"closed":-1,"used":1728977637584,"created":1728977637584,"remoteIdentityKey":"BeV9+lMeSHE3lAmyrVuvtn9zIJy5WSjjBjKV2Eli+sdS"},"_chains":{"BbwTi7kVhR7CqjIcLl0AKtji0syjO+fSSnLoKA4OmqR+":{"chainKey":{"counter":0,"key":"R3//6PQja64yctfHaEpYLusn2STYWvNynraogKItyG0="},"chainType":2,"messageKeys":{}},"BSzQGUUNxofU6J467riOWGoW7obSTfcstgikBciSVIQt":{"chainKey":{"counter":-1,"key":"kNqNNldxFvxkSp6zFPQbReMl+D9+JZmo9ES5Y912w4A="},"chainType":1,"messageKeys":{}}}}},"version":"v1"}