{"_sessions":{"BeU01iL+3RWPgdO/sGqCr/l9rVKPVrEI+SI8xhoduZYE":{"registrationId":1324209065,"currentRatchet":{"ephemeralKeyPair":{"pubKey":"BdaVADz3fUp3MTp+fnCH3o+QI9BvELdXweZ8CjhE6q9S","privKey":"kP2trcvzSSZF37GJrSo0g791ytQA0ZHyYKmMD4O5lkE="},"lastRemoteEphemeralKey":"BTO+SBhGYDQMWDX1Mb4YVY2fCitZEXXHt5zVTUJnivl0","previousCounter":0,"rootKey":"OpwiOR+DUtSeioNJJNe5gimGg27hhKENINchXm8lou8="},"indexInfo":{"baseKey":"BeU01iL+3RWPgdO/sGqCr/l9rVKPVrEI+SI8xhoduZYE","baseKeyType":2,"closed":-1,"used":1728977643083,"created":1728977643083,"remoteIdentityKey":"BfBhb74f5BpqcE+/LRZDjwh1EqHgWVLvINKV/y0+NHpk"},"_chains":{"BTO+SBhGYDQMWDX1Mb4YVY2fCitZEXXHt5zVTUJnivl0":{"chainKey":{"counter":0,"key":"mctZCwaGYA6994AOzhO1AqeH+YBKVNVv3GJxTmhq6bw="},"chainType":2,"messageKeys":{}},"BdaVADz3fUp3MTp+fnCH3o+QI9BvELdXweZ8CjhE6q9S":{"chainKey":{"counter":-1,"key":"hrW4j9jiaSpEgn1hevw90ea6We4ggcqm2WFLeVh9zaA="},"chainType":1,"messageKeys":{}}}}},"version":"v1"}