{"_sessions":{"BatKQxDiffpL8CEURW/dpp1h1wWB1RkuO4qwHUp8BpwB":{"registrationId":2037586992,"currentRatchet":{"ephemeralKeyPair":{"pubKey":"BbM9xsHJd8MLIYNlJxrtN0o3NsXPMejSNg10sBL8Ql0/","privKey":"oF7/uHsyL6W7jjLL4Xv5wxMqQi161wHMoL7XmMUBZkM="},"lastRemoteEphemeralKey":"BZy6vResNMG4TadwDpyu7vkhNMvScKGXYHVPvnobxbkZ","previousCounter":0,"rootKey":"N78tvD8MYK2Y9tpnvSbB6z9Th68DQZL0B2q1qMWdnC8="},"indexInfo":{"baseKey":"BatKQxDiffpL8CEURW/dpp1h1wWB1RkuO4qwHUp8BpwB","baseKeyType":2,"closed":-1,"used":1728977637321,"created":1728977637321,"remoteIdentityKey":"BXOs+5vt2jGQwl/h/F+W1RpA2xe3/3jMiu56Tvg4yX4k"},"_chains":{"BZy6vResNMG4TadwDpyu7vkhNMvScKGXYHVPvnobxbkZ":{"chainKey":{"counter":0,"key":"Nd1SnKgzNQWJA9VN+xC6dIWrqaZNn223ngjTUDgBlcA="},"chainType":2,"messageKeys":{}},"BbM9xsHJd8MLIYNlJxrtN0o3NsXPMejSNg10sBL8Ql0/":{"chainKey":{"counter":-1,"key":"6+g+XbM6c7BVEiJtrTIpdclqzYaYjK1SsDzEsEAGd5A="},"chainType":1,"messageKeys":{}}}}},"version":"v1"}