{"_sessions":{"BQkhv+kM+J3PgAIwqnpM8OfyN4vkiBxpJkkXjVzfxHht":{"registrationId":1393277309,"currentRatchet":{"ephemeralKeyPair":{"pubKey":"BXVSfzJM9G50mU+3j71EmUJdKjfGd7DBi8h/Bd+2/SkH","privKey":"ADkbTVsv4ikR3W8z19RW0hdsQuWqrNDTxmhSckyyjH4="},"lastRemoteEphemeralKey":"BayPGr9puDtDU+alumfeeZm4Io0hP4elzfb11Zk2YIAH","previousCounter":0,"rootKey":"pYtOwJFvwGIpJqgDH1wntdeFYMhr35VLWrUHMwgI94E="},"indexInfo":{"baseKey":"BQkhv+kM+J3PgAIwqnpM8OfyN4vkiBxpJkkXjVzfxHht","baseKeyType":1,"closed":-1,"used":1728977804949,"created":1728977804949,"remoteIdentityKey":"BaeXxqZ/WxFJGeZG/xou6ip/ih5ZIOHukKrBpHcY9GUS"},"_chains":{"BXVSfzJM9G50mU+3j71EmUJdKjfGd7DBi8h/Bd+2/SkH":{"chainKey":{"counter":0,"key":"K5CNHBhX5E0x1LJNUi8GJwWn1OThXBo4JIAIIZdYSpI="},"chainType":1,"messageKeys":{}}},"pendingPreKey":{"signedKeyId":31,"baseKey":"BQkhv+kM+J3PgAIwqnpM8OfyN4vkiBxpJkkXjVzfxHht","preKeyId":14705442}}},"version":"v1"}