{"_sessions":{"BW4Evt2fdQ+/Zwyrca2w43aCUcy1uthnUM5oN3A55J0T":{"registrationId":268,"currentRatchet":{"ephemeralKeyPair":{"pubKey":"BWPhQ3H0fMNq4zOPxVJvkcmwj/ipbf0AZDQXLATbv3wW","privKey":"GPLeUCSWvdsf0ue+lPQytgtQm6PrKk1+YTt+3HQUM0g="},"lastRemoteEphemeralKey":"BVM209vLPT/cTjyMMrMeeruaZElg40YlUccSRx+bFShF","previousCounter":0,"rootKey":"2jtjgX2DAzTGBCNymRWiqNFY7/3rXGkBEoHCInXCexU="},"indexInfo":{"baseKey":"BW4Evt2fdQ+/Zwyrca2w43aCUcy1uthnUM5oN3A55J0T","baseKeyType":1,"closed":-1,"used":1728918655838,"created":1728918655838,"remoteIdentityKey":"BSM7VBAqtdXX4VXiPzUfvadDWIc5WpaG7ZkSqqcOZZpf"},"_chains":{"BWPhQ3H0fMNq4zOPxVJvkcmwj/ipbf0AZDQXLATbv3wW":{"chainKey":{"counter":22,"key":"YsP4iwHA5rERYLyLDe8IJFAGcbkK1zpUWI2eGBwj71U="},"chainType":1,"messageKeys":{}}},"pendingPreKey":{"signedKeyId":1,"baseKey":"BW4Evt2fdQ+/Zwyrca2w43aCUcy1uthnUM5oN3A55J0T","preKeyId":825}}},"version":"v1"}