{"_sessions":{"BR95qYdXK+ryu95KTyEVepxUgAgCeyP9MfIcAKnXAmgX":{"registrationId":2848,"currentRatchet":{"ephemeralKeyPair":{"pubKey":"BelWWtYn3Eopbj+hjt9sVyGbtWRxxxrg0c3TEB+awhtv","privKey":"2LC4n7YeQXUYsa2xrKeGR4G8m3T1xuBJxPIbQyXqjGY="},"lastRemoteEphemeralKey":"BTZa9TfHWflTBRlcNk+sagOYk/ipo0O/NDDnCJrTJoI9","previousCounter":0,"rootKey":"ziEN9u5GIOyqYYK9svg2EJf6ZC7NRPTfIvO85fJGjWE="},"indexInfo":{"baseKey":"BR95qYdXK+ryu95KTyEVepxUgAgCeyP9MfIcAKnXAmgX","baseKeyType":2,"closed":-1,"used":1728977645933,"created":1728977645933,"remoteIdentityKey":"BZbmjnjf5FSHqCYv+0tJ1f9vzQbMmwDMdwIPBMnN5707"},"_chains":{"BTZa9TfHWflTBRlcNk+sagOYk/ipo0O/NDDnCJrTJoI9":{"chainKey":{"counter":0,"key":"znR/x8Jx0h4CphP31yteKT0Jxmi9gOWf9PlhjaFM53s="},"chainType":2,"messageKeys":{}},"BelWWtYn3Eopbj+hjt9sVyGbtWRxxxrg0c3TEB+awhtv":{"chainKey":{"counter":-1,"key":"6izoyzc1zB8V0QPqmuEGdjZ6H9Oci+QDkfPnBY/aj/c="},"chainType":1,"messageKeys":{}}}}},"version":"v1"}