{"_sessions":{"BfdotvNPbfibsU5dnrRbl/As2WXNo/zCQbnzufift3AY":{"registrationId":2100348589,"currentRatchet":{"ephemeralKeyPair":{"pubKey":"BRx0YFM/HboaSdDb20wN1BmAI4m5VuNKl0ZXp7pe+/w6","privKey":"KOYsUjdW2d1HnCnHn8cqP86+VOPjLfspNWpZOMO3tE4="},"lastRemoteEphemeralKey":"BW0d3qG4HO+vgMg2MzwZgUtaGH3HJFZeFhw8oWV8CFM1","previousCounter":0,"rootKey":"ji96CluzNZ9rUEUB6vLtA28kteu8IkcDS0QaBJPB67o="},"indexInfo":{"baseKey":"BfdotvNPbfibsU5dnrRbl/As2WXNo/zCQbnzufift3AY","baseKeyType":2,"closed":-1,"used":1728977640826,"created":1728977640826,"remoteIdentityKey":"BRpDoYmqlFkhfH+BcINhpDDCrVYFOmbZxhpCFB9DGiYD"},"_chains":{"BW0d3qG4HO+vgMg2MzwZgUtaGH3HJFZeFhw8oWV8CFM1":{"chainKey":{"counter":0,"key":"IMVK5zeXjN6AgHrvVkKZz4r7db5Vk2T5ucreNmHbZdA="},"chainType":2,"messageKeys":{}},"BRx0YFM/HboaSdDb20wN1BmAI4m5VuNKl0ZXp7pe+/w6":{"chainKey":{"counter":-1,"key":"YbZcSTDC+rWJY0Q1/RKv6qtdujMy2DLLkshjFqGTiSM="},"chainType":1,"messageKeys":{}}}}},"version":"v1"}