{"_sessions":{"BfGjs95CuO42R19LiJ/QRy2GEVRPnVSEjZlI6XHF3UAD":{"registrationId":2058331739,"currentRatchet":{"ephemeralKeyPair":{"pubKey":"BUNssqGh68fbxIKV0EOgfI7obe/7XHEOPdqaPMG5tSMs","privKey":"0Nct9WUPQNhV9UyjQRlHJWygXDAn2qTxYXvnS3VMymY="},"lastRemoteEphemeralKey":"BXqnP+t9daqWQFZkwa0LEvBClM7b3XNeQ/tvT6MpAe0p","previousCounter":0,"rootKey":"/GfOwoN3y17vocnbfAP2aQFeDdUwYFGiMcNv/t4GrU8="},"indexInfo":{"baseKey":"BfGjs95CuO42R19LiJ/QRy2GEVRPnVSEjZlI6XHF3UAD","baseKeyType":2,"closed":-1,"used":1728977628794,"created":1728977628794,"remoteIdentityKey":"BSLia1Oc5oKQicqW6ECRZE3yz9VJYrUjAV76eVErC+oD"},"_chains":{"BXqnP+t9daqWQFZkwa0LEvBClM7b3XNeQ/tvT6MpAe0p":{"chainKey":{"counter":7,"key":"BByK13I6WBQvaVFDlcMjSTWCWCJoVb7NEPeDqsu9/wg="},"chainType":2,"messageKeys":{}},"BUNssqGh68fbxIKV0EOgfI7obe/7XHEOPdqaPMG5tSMs":{"chainKey":{"counter":-1,"key":"xmBw22YrK9tOzicxqnuc8jVQ/UWekvegWNaF7yz+9fY="},"chainType":1,"messageKeys":{}}}}},"version":"v1"}