{"_sessions":{"BflvFsZCoTRMklk4U9kU3l6kv11CKHZCdfK7atnURqcE":{"registrationId":163339230,"currentRatchet":{"ephemeralKeyPair":{"pubKey":"BbrqE7z9VBvrZK9x0zQZOFWw2ZCIsyU8uiCRRXqgtVk4","privKey":"6FcpIYkQ49+ctRsZ91a8keu2KTAE7BximZqoCj+jRFQ="},"lastRemoteEphemeralKey":"BRXSODHhrPGlsj/+7g3pmYFVn2b4lY2TBsGAPNoOBXR5","previousCounter":0,"rootKey":"2PnuaZUKsODrqfKR9VNVOgsjkrsVHGYWXDcLw6LFIEA="},"indexInfo":{"baseKey":"BflvFsZCoTRMklk4U9kU3l6kv11CKHZCdfK7atnURqcE","baseKeyType":2,"closed":-1,"used":1728977643292,"created":1728977643292,"remoteIdentityKey":"BVUFkFUmhGESi7hSEdUC0vXFb7NATeC83QNIDlQmj8I8"},"_chains":{"BRXSODHhrPGlsj/+7g3pmYFVn2b4lY2TBsGAPNoOBXR5":{"chainKey":{"counter":0,"key":"NQc4bujwL+yGSThujH+phw1FD7BNHP9/rAueIyJe72U="},"chainType":2,"messageKeys":{}},"BbrqE7z9VBvrZK9x0zQZOFWw2ZCIsyU8uiCRRXqgtVk4":{"chainKey":{"counter":-1,"key":"EQXVTTHtfO40fCIJooT/EbnZqPTqHCmvQXayWf30tbE="},"chainType":1,"messageKeys":{}}}}},"version":"v1"}