{"_sessions":{"BXew75r2/a0qbx14Eb/Sc4g0lleh0fc7swbxo2I/Yawk":{"registrationId":561926201,"currentRatchet":{"ephemeralKeyPair":{"pubKey":"BbD4agK1RtahByThhSxdDSfEdLX4N8EveU/iqRRvDK87","privKey":"yPEVmheGp5hpjgHtcDp9OVt7TKmEcqNrKx1gIigMImc="},"lastRemoteEphemeralKey":"BZRlp7qsCtqwR/9H4O3FCKkvuateXa/tw2tLYiK1UvUo","previousCounter":0,"rootKey":"gGaJiZbB2yPWIJJYFpwGo3p+eEdxmTYsdJnw+dIXDr8="},"indexInfo":{"baseKey":"BXew75r2/a0qbx14Eb/Sc4g0lleh0fc7swbxo2I/Yawk","baseKeyType":2,"closed":-1,"used":1728977641179,"created":1728977641179,"remoteIdentityKey":"BQsnwPRQHRLzU6dEmtuEfJitupMOMhUhvCR5QLSY0/ER"},"_chains":{"BZRlp7qsCtqwR/9H4O3FCKkvuateXa/tw2tLYiK1UvUo":{"chainKey":{"counter":2,"key":"+eGhTxGxDw1DLK4sFk3NPWHo8Ms6pWoBhQGDJiZGsb0="},"chainType":2,"messageKeys":{"1":"9YNvkD8P4spG56Th5i9nS6CQRfNIQXqxLZvhdz4s1xA="}},"BbD4agK1RtahByThhSxdDSfEdLX4N8EveU/iqRRvDK87":{"chainKey":{"counter":-1,"key":"eWfKCPGI7k74/2cYlVB3RXxNoNJ0PQafGc49/qEvVMg="},"chainType":1,"messageKeys":{}}}}},"version":"v1"}