{"_sessions":{"BfuzK7XrhvfaIeVUAv4eUj1gV7UbJGh76mgpVS3ByaEn":{"registrationId":806992504,"currentRatchet":{"ephemeralKeyPair":{"pubKey":"BYpWPj4xgRk7TPUUXO+8LLjOl0+nz0mjy2GIiEWHdAh2","privKey":"4KxEaHaY1hU/sXVLFc8F7ugRC4CXHGbTdmAuyplXhmA="},"lastRemoteEphemeralKey":"BWHd/lzcJn8S2oHQ1CxMkerKebiS8lPyFMnr7Xis0fxu","previousCounter":0,"rootKey":"f95XD6PoW9KlQO8R3TBxB4OeTcN8kotH7muZQdhD+bU="},"indexInfo":{"baseKey":"BfuzK7XrhvfaIeVUAv4eUj1gV7UbJGh76mgpVS3ByaEn","baseKeyType":1,"closed":-1,"used":1728977638749,"created":1728918655903,"remoteIdentityKey":"Bd5WxcPU/qniy1jqN/iDnswggrQQY6psUqMwp7fehLtV"},"_chains":{"BWHd/lzcJn8S2oHQ1CxMkerKebiS8lPyFMnr7Xis0fxu":{"chainKey":{"counter":0,"key":"SEEJmpAlaPXsXDE+WpBLO0v6r7u4S1LiEr6lyvzhTtc="},"chainType":2,"messageKeys":{}},"BYpWPj4xgRk7TPUUXO+8LLjOl0+nz0mjy2GIiEWHdAh2":{"chainKey":{"counter":-1,"key":"ncvMDZEM5wgu2s2aVwxQTpHJMaBqjbLqkGl8plnisWE="},"chainType":1,"messageKeys":{}}}}},"version":"v1"}