{"_sessions":{"BdlnKh4XrxmXo+uqjiUz0a67Jqmeb44QiMvU7Fv9KYIJ":{"registrationId":1497944438,"currentRatchet":{"ephemeralKeyPair":{"pubKey":"BRYwZuePK0rkXDDJ1NK8Q6Isj26wcWzoniWLy1V2v8sJ","privKey":"cIGrO+eFK3g1LtYS6FneELExQBEgxXmy7bY6eVNf2WU="},"lastRemoteEphemeralKey":"BYSmg1yYQSulfyNP4CqC/uZEaRqpmtMaO5v5TTSdNp4L","previousCounter":1,"rootKey":"cF3N/BbhVXkwPx2r5tYTse+ECynye3N8knCGMgHwreY="},"indexInfo":{"baseKey":"BdlnKh4XrxmXo+uqjiUz0a67Jqmeb44QiMvU7Fv9KYIJ","baseKeyType":2,"closed":-1,"used":1728977795500,"created":1728918654695,"remoteIdentityKey":"Bc/f/FSdAB+LIbajHjer2D2edCSTapjjKlZeJzszUe0b"},"_chains":{"BcFs3ZTtfb/8DN6W+8JsTOZfpclxFyQnXb0jE1O6yeVE":{"chainKey":{"counter":0},"chainType":2,"messageKeys":{}},"BbF7g91eRNAJypOkx7wISNTKEZdRXNkLL9M3k5AMljRc":{"chainKey":{"counter":7},"chainType":2,"messageKeys":{}},"BYSmg1yYQSulfyNP4CqC/uZEaRqpmtMaO5v5TTSdNp4L":{"chainKey":{"counter":0,"key":"t1pWbs0tdv3B+oTkWGIwMF99H4cd0a+o45HjcqKb9Hs="},"chainType":2,"messageKeys":{}},"BRYwZuePK0rkXDDJ1NK8Q6Isj26wcWzoniWLy1V2v8sJ":{"chainKey":{"counter":2,"key":"4rJKjKErIEihQgcbuf8rij8NJlt5D4c+NTtZBNVlCV4="},"chainType":1,"messageKeys":{}}}}},"version":"v1"}