{"_sessions":{"BXv4AUkImLi27rfhE+4uAk5Gv5UiZ3KobWFe/uS2X4Jx":{"registrationId":1613243877,"currentRatchet":{"ephemeralKeyPair":{"pubKey":"BVzMP2CAR/Ih6fVhh6GV4W9QZC9YXua3HbRZJF1XBOx1","privKey":"mCoyjV1T/vQcJu2af1xgKqHKtTSwKh53LZMw/RzFq0g="},"lastRemoteEphemeralKey":"BUHmksAGdmoyFVKKZ7KIYe094cKXNXdGSVX+0NFNHScH","previousCounter":0,"rootKey":"RFCb6V1Xoi/rWkj6SAxn8RAiWARw/HqHLDb78SHPhh0="},"indexInfo":{"baseKey":"BXv4AUkImLi27rfhE+4uAk5Gv5UiZ3KobWFe/uS2X4Jx","baseKeyType":1,"closed":-1,"used":1728977804945,"created":1728977804945,"remoteIdentityKey":"BfTG/56/WfySXYldLV5Ts1wzfd21DRdqxwWFTQ0aBBUL"},"_chains":{"BVzMP2CAR/Ih6fVhh6GV4W9QZC9YXua3HbRZJF1XBOx1":{"chainKey":{"counter":0,"key":"Y0oi0yOy0M/Novg6U7IYf8cMGSbbC9mF9yu7b/5qhTA="},"chainType":1,"messageKeys":{}}},"pendingPreKey":{"signedKeyId":14,"baseKey":"BXv4AUkImLi27rfhE+4uAk5Gv5UiZ3KobWFe/uS2X4Jx","preKeyId":6853339}}},"version":"v1"}