{"_sessions":{"BehNmXrMALGtN5LQ5KPldPzZ/a9+dkKKXlwSfTFizgR1":{"registrationId":2109123901,"currentRatchet":{"ephemeralKeyPair":{"pubKey":"BRjdJRg0duzJdvvJRtqlbwAvhf7Jf7KCZQevKqvBwktc","privKey":"sKHjmW/0EVzFrmFvISl1NZmfZzNrjMrF8LkuOwocP14="},"lastRemoteEphemeralKey":"BXme6PtaTKmtdbxDYVhJhvPrMain7H+/4KIBdePltdks","previousCounter":0,"rootKey":"aAqDD51zZjvpWkEi6Ygs5NWe0Dqib4oiRDSIwwvbpnU="},"indexInfo":{"baseKey":"BehNmXrMALGtN5LQ5KPldPzZ/a9+dkKKXlwSfTFizgR1","baseKeyType":2,"closed":-1,"used":1728977641116,"created":1728977641116,"remoteIdentityKey":"BSmfAivLc48KHElMkq3NgyEOt+uhoCk1+tEt2csKqtU3"},"_chains":{"BXme6PtaTKmtdbxDYVhJhvPrMain7H+/4KIBdePltdks":{"chainKey":{"counter":0,"key":"TNhYhDLeIIo5e1ApTTZi80XT1A4ZC/HQdv136NCBxhY="},"chainType":2,"messageKeys":{}},"BRjdJRg0duzJdvvJRtqlbwAvhf7Jf7KCZQevKqvBwktc":{"chainKey":{"counter":-1,"key":"rboEVCWAmKRD3b8+Q1k5zF+bdkzT9KuX7AeOyj7epak="},"chainType":1,"messageKeys":{}}}}},"version":"v1"}