{"_sessions":{"BYmocIyHs713A/tnqM+azxr3eppjw5sin7sNvluEKxce":{"registrationId":1882974929,"currentRatchet":{"ephemeralKeyPair":{"pubKey":"BSpCCRl31cuEFE2jLqkJeg0zCTDiZNOYjWi58pp9op4s","privKey":"ENPzPOuI8Y5ks4kdJwY7ROpvFU4wANwMjjjCVCeif34="},"lastRemoteEphemeralKey":"BS9CVHFBzC177TuukCjJL9rYjb6X3mlYe/XCtuZrKkpP","previousCounter":0,"rootKey":"Pmbc8wDC/T1orYHkOfbxpvJGzc9EE6JlIs6lOvIMVOM="},"indexInfo":{"baseKey":"BYmocIyHs713A/tnqM+azxr3eppjw5sin7sNvluEKxce","baseKeyType":2,"closed":-1,"used":1728977628006,"created":1728977628006,"remoteIdentityKey":"BRstvbbXyE/LkQrq8xdHPo+EnUiVeXGjmhDohXnMnOx5"},"_chains":{"BS9CVHFBzC177TuukCjJL9rYjb6X3mlYe/XCtuZrKkpP":{"chainKey":{"counter":1,"key":"/Z4SX+QmHtDT5r/6/ZTC3QTyoY/LOJaZvKgqI1CLi1w="},"chainType":2,"messageKeys":{}},"BSpCCRl31cuEFE2jLqkJeg0zCTDiZNOYjWi58pp9op4s":{"chainKey":{"counter":-1,"key":"1bcdPoBB2RnNV68HwlQjsQWXavkqLMzVFETqIKfzZ5Y="},"chainType":1,"messageKeys":{}}}}},"version":"v1"}