{"_sessions":{"BRmv+iqgdqbhGBtwK0RtfzhCNc/mzPyjL1G1d82deZFy":{"registrationId":6558,"currentRatchet":{"ephemeralKeyPair":{"pubKey":"BacCyLxEH3EnEjHTPbYyPKO7UUjfrfh9Zzu1DN/NtZ81","privKey":"wFChu9Sc8oT2or8t/4FG/XiYhbjXev5lovA06momUVY="},"lastRemoteEphemeralKey":"BSirdFjtdEEYhCJsml5rC/7e6z9ZEi0e9xMBRmMDSHNl","previousCounter":0,"rootKey":"ZskyE3FsUOvCePV3R0dG0FF63UQen0nWAr0dn6wWfCY="},"indexInfo":{"baseKey":"BRmv+iqgdqbhGBtwK0RtfzhCNc/mzPyjL1G1d82deZFy","baseKeyType":2,"closed":-1,"used":1728977648950,"created":1728977648950,"remoteIdentityKey":"Bfayir3Kbq5DARsv95cSXNhDEofwTo5mJ+GQ6fHtRrc7"},"_chains":{"BSirdFjtdEEYhCJsml5rC/7e6z9ZEi0e9xMBRmMDSHNl":{"chainKey":{"counter":0,"key":"dCa48omNXLVvk6yb+CsM3FNFTUMAjxbLZI3AUMN0kF4="},"chainType":2,"messageKeys":{}},"BacCyLxEH3EnEjHTPbYyPKO7UUjfrfh9Zzu1DN/NtZ81":{"chainKey":{"counter":-1,"key":"NA8lox8fsLezR8DpDiJzbj8pRdgO4piMOpswM3+W4mA="},"chainType":1,"messageKeys":{}}}}},"version":"v1"}