{"_sessions":{"BZM/qoeSTnf9kNcYvM1kajxlibEr7+xK23EWWP9JVT9f":{"registrationId":265035199,"currentRatchet":{"ephemeralKeyPair":{"pubKey":"BRpgobqvXIuT7ytaTJnnzpWQpOix+ksxXKts7d0ChUtn","privKey":"6Cb0b0BHRrZyOaWd03n2rXZ3BJSPjkqnAEsSYFcHkkY="},"lastRemoteEphemeralKey":"BccnU0AxhbtE9SFpRXvl/qKnVZNI9uAPRamnUBPs8RpH","previousCounter":0,"rootKey":"c5lyAMEKtBNlMjMm7wEd3UJXKq7NxB0O5AnAUFPo1G8="},"indexInfo":{"baseKey":"BZM/qoeSTnf9kNcYvM1kajxlibEr7+xK23EWWP9JVT9f","baseKeyType":2,"closed":-1,"used":1728977639403,"created":1728977639403,"remoteIdentityKey":"Bei6ZTrdEaIJFFnxo25gZEsW2eF9DG3y6Pa6jUckfc57"},"_chains":{"BccnU0AxhbtE9SFpRXvl/qKnVZNI9uAPRamnUBPs8RpH":{"chainKey":{"counter":0,"key":"+qdZ+Qqfnopauln4rXmjHKXo30IuRux4SwN5J8JwSJY="},"chainType":2,"messageKeys":{}},"BRpgobqvXIuT7ytaTJnnzpWQpOix+ksxXKts7d0ChUtn":{"chainKey":{"counter":-1,"key":"tBOeGxZhB13zxyhoGjo8+PfA3W8YS4kpBwJjzQK5xWk="},"chainType":1,"messageKeys":{}}}}},"version":"v1"}