{"_sessions":{"BZa55CyZJr3oipsYKvG+po3hgZmikpa9+M4+d7HhU8k0":{"registrationId":209600828,"currentRatchet":{"ephemeralKeyPair":{"pubKey":"BVLgyIrPloq9e1Pv5ZUSp1CtdpC6nGrsYoCGCWMFfVkw","privKey":"sNqqF6XL06jXCaR66OeZkL0Lm4GatgTF13bIgHCs0GE="},"lastRemoteEphemeralKey":"Bc1r6Df3q7xe03xxKYfCD2YGZObZ6cz4/p5VIXNGc4gD","previousCounter":0,"rootKey":"00JDSl+/VQl1auvVlVw6PH1c/1Y2WM9K2iTmNXszLWo="},"indexInfo":{"baseKey":"BZa55CyZJr3oipsYKvG+po3hgZmikpa9+M4+d7HhU8k0","baseKeyType":2,"closed":-1,"used":1728977633308,"created":1728977633308,"remoteIdentityKey":"BSO9yTqWDxXu4S8vxxKOcjDzt9EnNyrDQXq6tQhcnxFb"},"_chains":{"Bc1r6Df3q7xe03xxKYfCD2YGZObZ6cz4/p5VIXNGc4gD":{"chainKey":{"counter":0,"key":"EQsSNw4Lkmvb+oqqhue4ODVUa54WbjBiYglA59qlMkU="},"chainType":2,"messageKeys":{}},"BVLgyIrPloq9e1Pv5ZUSp1CtdpC6nGrsYoCGCWMFfVkw":{"chainKey":{"counter":-1,"key":"DnJJ3PEPG4IWGns3fnUt/OBTY7S6JmDgdeRlbsHU4pM="},"chainType":1,"messageKeys":{}}}}},"version":"v1"}