{"_sessions":{"BX5GJk8+MWar6YLdxRDtlKIMgLot+TuG8XN6jLmvS6UN":{"registrationId":1863488390,"currentRatchet":{"ephemeralKeyPair":{"pubKey":"BcSd/weB1o01fjH1Boyudltd0rr7OOVFmy9bTEcs25J7","privKey":"UAk0r/p6NeKLBpPwsui1qAgdQM/Dv9n7KMbDsn3XWHY="},"lastRemoteEphemeralKey":"BayqTPGXLe0iB2o10PN+/KnL5MoGy7618bFhvYHo2S4W","previousCounter":0,"rootKey":"DQTVzRzNEGBHA5AChaETT/FbnXfvh6x+mack5aChn/U="},"indexInfo":{"baseKey":"BX5GJk8+MWar6YLdxRDtlKIMgLot+TuG8XN6jLmvS6UN","baseKeyType":2,"closed":-1,"used":1728977695063,"created":1728977695063,"remoteIdentityKey":"Bcr2BW8o8l23+kqMN5V/Mzg5MCi44NOR1TSzAq+Rgh8J"},"_chains":{"BayqTPGXLe0iB2o10PN+/KnL5MoGy7618bFhvYHo2S4W":{"chainKey":{"counter":0,"key":"RsJI1M17QvWYmKVoEoBRKnGUYtKaY+nQ0u7WiE3Z7PQ="},"chainType":2,"messageKeys":{}},"BcSd/weB1o01fjH1Boyudltd0rr7OOVFmy9bTEcs25J7":{"chainKey":{"counter":-1,"key":"JQtOqs7LOMiKE1BjwuofGWB50x+m7uED85EZg6MqMPA="},"chainType":1,"messageKeys":{}}}}},"version":"v1"}