{"_sessions":{"BT07QH+lv1CVECEnM6wdyuFk7yjHSpyicYI3aWwdlH41":{"registrationId":2119145331,"currentRatchet":{"ephemeralKeyPair":{"pubKey":"BbtD7EgUQMC5YKDXP/syDQVn1ecjRtW9VHmQJsMd2IEN","privKey":"UPw/B17YPViwhkk1kuvgbnzRYSIpci5kbKkmPgfodkc="},"lastRemoteEphemeralKey":"BYl41kOe4Ao8MZJIKB/AF182XntDUqjNupHsU5Hu1S8p","previousCounter":0,"rootKey":"ZYRSy1SItQ5hPd+J70nCIi50HTEpKibyV1mfFD1MZ3A="},"indexInfo":{"baseKey":"BT07QH+lv1CVECEnM6wdyuFk7yjHSpyicYI3aWwdlH41","baseKeyType":2,"closed":-1,"used":1728977641370,"created":1728977641370,"remoteIdentityKey":"BXcj3Bmzt1f+og+zvw7gUefBcshDM7ILt45RZHpdifMo"},"_chains":{"BYl41kOe4Ao8MZJIKB/AF182XntDUqjNupHsU5Hu1S8p":{"chainKey":{"counter":2,"key":"V5/HN7mzHGcq6SHpFtInFhq0KbW4+ksrcgjJszz3QCI="},"chainType":2,"messageKeys":{}},"BbtD7EgUQMC5YKDXP/syDQVn1ecjRtW9VHmQJsMd2IEN":{"chainKey":{"counter":-1,"key":"Qx/zruRtmXeNJAcQHw3cSRaUynQc8rajdQfgoFgjF0M="},"chainType":1,"messageKeys":{}}}}},"version":"v1"}