{"_sessions":{"BYTmAAHrWmDqFXe69BpGco5nPHy/z40KeLkE9gF/AOQp":{"registrationId":281818813,"currentRatchet":{"ephemeralKeyPair":{"pubKey":"BV10vbl5ZfIlwaT3+k2QKMO70sj4UjlGFn8v0/B4uDVk","privKey":"+HhqeL/ATbBLe/fyDWssw8C3bqqve1JxPrIqqnxqeHI="},"lastRemoteEphemeralKey":"BbjZ0xcgvgLaSkhE5JH/U96wXHpIrpxlQZDjy3d4wmV+","previousCounter":0,"rootKey":"LfvqkSKX5FgRC/4LZlj0jiNt0W0hnVERX5jWexlzAcM="},"indexInfo":{"baseKey":"BYTmAAHrWmDqFXe69BpGco5nPHy/z40KeLkE9gF/AOQp","baseKeyType":1,"closed":-1,"used":1728918655858,"created":1728918655858,"remoteIdentityKey":"BdSopb/oF9Qj5JAJmx8ISOkWxWYQiHqu5oSv5KuxzaRF"},"_chains":{"BV10vbl5ZfIlwaT3+k2QKMO70sj4UjlGFn8v0/B4uDVk":{"chainKey":{"counter":0,"key":"uCgI95FW9ONV4fIjnckaV4BAbHD0i2NRcHP6w7DV85A="},"chainType":1,"messageKeys":{}}},"pendingPreKey":{"signedKeyId":2,"baseKey":"BYTmAAHrWmDqFXe69BpGco5nPHy/z40KeLkE9gF/AOQp","preKeyId":9476796}}},"version":"v1"}