{"_sessions":{"BWt9XA3/W9KEsa/kb1SmVCnZGJpCAVnkRGaa/UfLGWZT":{"registrationId":1195821504,"currentRatchet":{"ephemeralKeyPair":{"pubKey":"BVCVMVR+uv23GzMQYgMofJ6s9c5j8xV5StKXm31Q9O8F","privKey":"wAqodKunSDsHZFhkLvspumJAwU0vxu9/skbHln8heVw="},"lastRemoteEphemeralKey":"BWzCPx/WCrDrvfrkDR1x0pbz9iqbuC0dVBKpWxk91R8Z","previousCounter":0,"rootKey":"NF2tDPlKSjOvbOCGDkoCcBin23D4DwkgVZibwOCDZCQ="},"indexInfo":{"baseKey":"BWt9XA3/W9KEsa/kb1SmVCnZGJpCAVnkRGaa/UfLGWZT","baseKeyType":2,"closed":-1,"used":1728977640630,"created":1728977640630,"remoteIdentityKey":"BVjaRIpV7jVOz+zIwCVXB6qJDbplZmpbptMAQz/FMeVC"},"_chains":{"BWzCPx/WCrDrvfrkDR1x0pbz9iqbuC0dVBKpWxk91R8Z":{"chainKey":{"counter":1,"key":"HmhIuwdwepyoW/zFr/bueYBPVD9dZTZ6gb2oNSXR5OI="},"chainType":2,"messageKeys":{}},"BVCVMVR+uv23GzMQYgMofJ6s9c5j8xV5StKXm31Q9O8F":{"chainKey":{"counter":-1,"key":"JwxSGzi3jC7XGadaDSnyd1iSw0PnKHWIxa6R9sZvvII="},"chainType":1,"messageKeys":{}}}}},"version":"v1"}