{"_sessions":{"BaYvKKYtOv0he/Jg4sEsAZLq59hM4Kc3kaE7vMcANXIw":{"registrationId":1811000348,"currentRatchet":{"ephemeralKeyPair":{"pubKey":"BTR9LYNGjeTPJv8eA1pdGNOPeaMD9g9F5uKRWW/vj05K","privKey":"6Ga4g6BTgQEy0w8ghw2b+cdCetVaui2b1LOTeSxtbFo="},"lastRemoteEphemeralKey":"BchAN6xgxynWltSqWlouvp0B0xCgRU0gBQD4sUVXzZJT","previousCounter":0,"rootKey":"WniJG4CXcGmS3KxfBoYXvjBqrBNkfsRxR/g4Mh7lCNk="},"indexInfo":{"baseKey":"BaYvKKYtOv0he/Jg4sEsAZLq59hM4Kc3kaE7vMcANXIw","baseKeyType":2,"closed":-1,"used":1728977668233,"created":1728977668233,"remoteIdentityKey":"BaXUOmrjhmRfcHwP7O5PdeeNtNl39/8E0CpCnY+ohXJB"},"_chains":{"BchAN6xgxynWltSqWlouvp0B0xCgRU0gBQD4sUVXzZJT":{"chainKey":{"counter":2,"key":"EU8b6WnvS08NTYVOdgNObC4O6CBH/NScQfs0pir1YkM="},"chainType":2,"messageKeys":{}},"BTR9LYNGjeTPJv8eA1pdGNOPeaMD9g9F5uKRWW/vj05K":{"chainKey":{"counter":-1,"key":"fid9KEnflUN8bS2NtHGIoW7IQnHVVw6DuFxvmxv9sDU="},"chainType":1,"messageKeys":{}}}}},"version":"v1"}