{"_sessions":{"BZGy7jp38QrI+sP4xuHBAspAKU7H42P/jIYMIF/8PZIx":{"registrationId":1434683690,"currentRatchet":{"ephemeralKeyPair":{"pubKey":"BYd2aSm8WaXBVb3qq051UOHMc+gixzXYmiH3/IDN1MVG","privKey":"WAOppxXRZe1EvTLUcp0DW0w1n37dnbULht4edZ4CUVA="},"lastRemoteEphemeralKey":"BTKKyMKdFksQtRtSrkQzWbYkEyd+OezLzMZSF6YRZEI8","previousCounter":0,"rootKey":"O6VHgXPObxAHoYQ2iD+QqfNJggh2HYlfwlP/z4oZsp8="},"indexInfo":{"baseKey":"BZGy7jp38QrI+sP4xuHBAspAKU7H42P/jIYMIF/8PZIx","baseKeyType":2,"closed":-1,"used":1728977640662,"created":1728977640662,"remoteIdentityKey":"BcNEFRUIRE1D5RAJ3+PFCt/6p9mZrti0GwOn6MA2ExpC"},"_chains":{"BTKKyMKdFksQtRtSrkQzWbYkEyd+OezLzMZSF6YRZEI8":{"chainKey":{"counter":0,"key":"Veju9t6NX19csrzs1Hu33J79wAItGI+Rnxskq27v6Ic="},"chainType":2,"messageKeys":{}},"BYd2aSm8WaXBVb3qq051UOHMc+gixzXYmiH3/IDN1MVG":{"chainKey":{"counter":-1,"key":"ST0h7YQs6+TqlFsycSqtEJJ/n16QoBLRT64g66oA1Rs="},"chainType":1,"messageKeys":{}}}}},"version":"v1"}