{"_sessions":{"BX7PEFXaOyXLZdywtzX2cz6WjgqwkcUIxms8MfN3U7FT":{"registrationId":1999910348,"currentRatchet":{"ephemeralKeyPair":{"pubKey":"BTDzK+c7HOaBoQmgCT68LcEdwCygueZEIMJB/TvhwlYu","privKey":"gCDZDbE1Xl3jJ6kE1QE2ZXVH0YYZLrYcZyBnk+p0OmA="},"lastRemoteEphemeralKey":"BVPsW6Ma39lm1MghtPYqlnnM38BnVwwDFZMfH2sCvRw0","previousCounter":0,"rootKey":"YFkXIyRZPwYV+N4BOhPcT/PJwg4EkveoAWdp/blnZWs="},"indexInfo":{"baseKey":"BX7PEFXaOyXLZdywtzX2cz6WjgqwkcUIxms8MfN3U7FT","baseKeyType":1,"closed":-1,"used":1728918655855,"created":1728918655855,"remoteIdentityKey":"BbJHDOBpwjcUSXG4agafiWwC/bwEjY4qQvH82R6wcZ4m"},"_chains":{"BTDzK+c7HOaBoQmgCT68LcEdwCygueZEIMJB/TvhwlYu":{"chainKey":{"counter":0,"key":"Bm8xASzdeEUoVqqZKQbPm38cQkM6rVxDcwhihA9puq4="},"chainType":1,"messageKeys":{}}},"pendingPreKey":{"signedKeyId":7,"baseKey":"BX7PEFXaOyXLZdywtzX2cz6WjgqwkcUIxms8MfN3U7FT","preKeyId":3253852}}},"version":"v1"}