{"_sessions":{"BRHoanlKQk6QTfEUNYYpEYAisbCsF2/Vyr5u8170/qNM":{"registrationId":978850147,"currentRatchet":{"ephemeralKeyPair":{"pubKey":"BdVV3dSF/r4nqe5XSTy2BM8B1ezeTNgrO+OtjijH9ZNv","privKey":"+PUSds/eQq1mfpLT+GZFGiEAdbo71xE64Eqw2YtfJnY="},"lastRemoteEphemeralKey":"BR/io03/r9GOuV+emHNpfusAufsjEwcpEvKW/+AdMttp","previousCounter":0,"rootKey":"kGXLHOLoiQM5BhG0P2vQnCoI+TvDpCg9C7Va44tRmMw="},"indexInfo":{"baseKey":"BRHoanlKQk6QTfEUNYYpEYAisbCsF2/Vyr5u8170/qNM","baseKeyType":1,"closed":-1,"used":1728977804964,"created":1728977804964,"remoteIdentityKey":"BZRlQ3CmZHR7iSp9SUS0CRnw9XgdOJrf0fH0+7Er86Iu"},"_chains":{"BdVV3dSF/r4nqe5XSTy2BM8B1ezeTNgrO+OtjijH9ZNv":{"chainKey":{"counter":0,"key":"g932QyTf1uioDOjOWy76vNjHHg5fDqd8kkk0v1s7pQI="},"chainType":1,"messageKeys":{}}},"pendingPreKey":{"signedKeyId":17,"baseKey":"BRHoanlKQk6QTfEUNYYpEYAisbCsF2/Vyr5u8170/qNM","preKeyId":13985591}}},"version":"v1"}