{"_sessions":{"BZe94PoT19VX35iuq2yg4XPBrV6meP9BWKQLalTmBddm":{"registrationId":1570068355,"currentRatchet":{"ephemeralKeyPair":{"pubKey":"BWWmWjFc61waoYv7jdjPdnd40PJRbkTw3NvCzKJGx9NX","privKey":"oA8cKuO1Go5D7S+9UsKLyuXolbw+E+hxQ8b9C0GidXc="},"lastRemoteEphemeralKey":"BccL5dflRsgepV+rCPbMCd7y1y3yTagi6keaqA0+6bNd","previousCounter":0,"rootKey":"DGVTxEUCVtkBnX2rHRMrd6Pj0/l4CADisyspPEi7Fi4="},"indexInfo":{"baseKey":"BZe94PoT19VX35iuq2yg4XPBrV6meP9BWKQLalTmBddm","baseKeyType":1,"closed":-1,"used":1728918655845,"created":1728918655845,"remoteIdentityKey":"BaivG8xEzMqLeG98gUok0ajY0fvm274/NculV7sD0fc0"},"_chains":{"BWWmWjFc61waoYv7jdjPdnd40PJRbkTw3NvCzKJGx9NX":{"chainKey":{"counter":0,"key":"aUqnAGudPNt6YX07BMgWjfdfv7oztz/OvF5W3HiN0V0="},"chainType":1,"messageKeys":{}}},"pendingPreKey":{"signedKeyId":24,"baseKey":"BZe94PoT19VX35iuq2yg4XPBrV6meP9BWKQLalTmBddm","preKeyId":16443300}}},"version":"v1"}