{"_sessions":{"BaLFARMFGoVbcmaf04U9aydCtDm8Z//EUgWt/TVwjqRC":{"registrationId":1644495282,"currentRatchet":{"ephemeralKeyPair":{"pubKey":"BX8DN4Y4Trx+lt61xCf1qCUkjmrcCBKEik9W81RJzOgF","privKey":"gFQIVZnbIgFKbqbYjtvW1IQanaOe/2wdZNBNAW8gYWc="},"lastRemoteEphemeralKey":"BTq2gOEFnCln8x7Tc1YY+nGTjKKKR9v36pD6DEasVUku","previousCounter":0,"rootKey":"/3cTFTYAVJeC36GP90QfcFhR0qgkQhQCJucTqh7rpBE="},"indexInfo":{"baseKey":"BaLFARMFGoVbcmaf04U9aydCtDm8Z//EUgWt/TVwjqRC","baseKeyType":2,"closed":-1,"used":1728977641330,"created":1728977641330,"remoteIdentityKey":"BbCX4m/WMFi5nXqneBZn250jv8KjXOQhe89RapLSvahA"},"_chains":{"BTq2gOEFnCln8x7Tc1YY+nGTjKKKR9v36pD6DEasVUku":{"chainKey":{"counter":0,"key":"oJ5/hxrkuSd+KCqNTOQhn6zpHjBBQqgjD+nFiD+ArvA="},"chainType":2,"messageKeys":{}},"BX8DN4Y4Trx+lt61xCf1qCUkjmrcCBKEik9W81RJzOgF":{"chainKey":{"counter":0,"key":"XkbRLrHjhILoWQH1W4ieVsiHVBhvbkJbhIQi1g09Rh4="},"chainType":1,"messageKeys":{}}}}},"version":"v1"}