{"_sessions":{"BQ0oKrjAH2JP5eqKgQHjtFfLvogwdmdj0Ab/j5aMzapc":{"registrationId":749150754,"currentRatchet":{"ephemeralKeyPair":{"pubKey":"BSbzEUkp9NpEgr4HzI0GCq8tvRT6rHAN4LGtO3hqgudz","privKey":"KE+2ld4tRGney86g2PZgW8pcFyHO01fB1A5W7mM3bUA="},"lastRemoteEphemeralKey":"BWVxTKweIKKXw4X0ADZqGLQQ5cFWWjQvRyGZBMqy1hU3","previousCounter":0,"rootKey":"nHqoNycVgVtuYt2jD6ijqgGOOdS6wt/zTL+/kHVbEKQ="},"indexInfo":{"baseKey":"BQ0oKrjAH2JP5eqKgQHjtFfLvogwdmdj0Ab/j5aMzapc","baseKeyType":2,"closed":-1,"used":1728918611382,"created":1728918611382,"remoteIdentityKey":"BfRk1cYywwxnjtEfALbNCp+XEMHux0JpZIjnchTaWBxx"},"_chains":{"BWVxTKweIKKXw4X0ADZqGLQQ5cFWWjQvRyGZBMqy1hU3":{"chainKey":{"counter":1,"key":"7sHsEFMhVuw9Qx31uxcms3dC9jTrT3rVpGWgUdBbWO0="},"chainType":2,"messageKeys":{}},"BSbzEUkp9NpEgr4HzI0GCq8tvRT6rHAN4LGtO3hqgudz":{"chainKey":{"counter":-1,"key":"eg2M9Pd3qQspE7QrqzYxDEl8VZxLQnB5ebOoBRxuraM="},"chainType":1,"messageKeys":{}}}}},"version":"v1"}