{"_sessions":{"Bd8PYVZEjK5pJECK/8BkTvU5Q4wqhwH64BGLikIvMDQX":{"registrationId":1124889526,"currentRatchet":{"ephemeralKeyPair":{"pubKey":"BZZYBTBOrOTuwaURCb8dPk8or3Z0LsESd5Z/CJxkiSUU","privKey":"ENn+4gwp3rzwaiGEvfsK5ggtkjUk734syNV7fVyvJFE="},"lastRemoteEphemeralKey":"Bc5erclEy+ymm3/IAxoAMGjlJmuW9ep10+Mxn/ZqVQ8B","previousCounter":0,"rootKey":"iTqyO15j4WLsRSU8HzPFxMFG3eqC6kO+XFkxuLoBO90="},"indexInfo":{"baseKey":"Bd8PYVZEjK5pJECK/8BkTvU5Q4wqhwH64BGLikIvMDQX","baseKeyType":2,"closed":-1,"used":1728977641341,"created":1728977641341,"remoteIdentityKey":"BVB763DZvmZCjCxDbYEywtNBeRGEK6GW8w6GYMfwZcR4"},"_chains":{"Bc5erclEy+ymm3/IAxoAMGjlJmuW9ep10+Mxn/ZqVQ8B":{"chainKey":{"counter":0,"key":"x6CMBB7YxhYRIHzy6xPdCG0HNjaJ3mQrXs4jyisBiuI="},"chainType":2,"messageKeys":{}},"BZZYBTBOrOTuwaURCb8dPk8or3Z0LsESd5Z/CJxkiSUU":{"chainKey":{"counter":-1,"key":"uMaUu/gNmTWBmHPirDAeAx+1pn2zFp8BAyy60rf66wA="},"chainType":1,"messageKeys":{}}}}},"version":"v1"}