{"_sessions":{"BcTI/qgMObxUd4UAuy7FtgCCtMDdtjQ8dhog3jyIRqdF":{"registrationId":12043129,"currentRatchet":{"ephemeralKeyPair":{"pubKey":"Bf1KEPsXgEGrUVdRWWBhmuR3DE+CrmRbk/BSKAkBEnAi","privKey":"aLxMdSn52BItYYkyI5fL0bSy5wacoG9wTD8yzNCrP3Y="},"lastRemoteEphemeralKey":"BUy40EfA5+pyoQRFrFuVrpcR/UlNnXzjawwDek7+s3ZR","previousCounter":0,"rootKey":"p9habqXIJXf1sqlEQu3fU4TQHW2qEb7RRbsS1JgF/UY="},"indexInfo":{"baseKey":"BcTI/qgMObxUd4UAuy7FtgCCtMDdtjQ8dhog3jyIRqdF","baseKeyType":2,"closed":-1,"used":1728977637246,"created":1728977637246,"remoteIdentityKey":"BQpp3qD5qawOh6iljzmWoh8ZXNHWQA4ee+pDEcJHFMI8"},"_chains":{"BUy40EfA5+pyoQRFrFuVrpcR/UlNnXzjawwDek7+s3ZR":{"chainKey":{"counter":0,"key":"uWSDs8DuTU9iiKPnqnKhly+o+kVDHWTqRxPfW/mYPps="},"chainType":2,"messageKeys":{}},"Bf1KEPsXgEGrUVdRWWBhmuR3DE+CrmRbk/BSKAkBEnAi":{"chainKey":{"counter":-1,"key":"B0TdVpBltZXq8O6pXw1+GlxXZOwBlcbqBCtApcLBdEI="},"chainType":1,"messageKeys":{}}}}},"version":"v1"}