{"_sessions":{"BXUw5OjA/ANSpC77RMirpqSge9+zpIWHbwjsdb8XjAhx":{"registrationId":1217431775,"currentRatchet":{"ephemeralKeyPair":{"pubKey":"BZjTtKMb/HtPVryIAJCBvGQMAcL4GojA9SA4LVAUMABs","privKey":"QDwTvWF7XxjS0+y7Q/d4aOPJEXhApNPv8SXOmxIRnEo="},"lastRemoteEphemeralKey":"BUgkZoQ5zyod9k2CNNE72FCJjQXJpe/3IsF+GxDc9i1f","previousCounter":0,"rootKey":"fRiD8yNpRTzxkN2tLMR2ViL2/bElyCMummmBnIehhXQ="},"indexInfo":{"baseKey":"BXUw5OjA/ANSpC77RMirpqSge9+zpIWHbwjsdb8XjAhx","baseKeyType":2,"closed":-1,"used":1728977637341,"created":1728977637341,"remoteIdentityKey":"BdKavt9hika1ju/ev2Wv0HU/FcP15qPbC0/6R3Dp+CA7"},"_chains":{"BUgkZoQ5zyod9k2CNNE72FCJjQXJpe/3IsF+GxDc9i1f":{"chainKey":{"counter":1,"key":"8NIv7rvZimnOkldZoZKFhKy64kg4pRQPo3pC5TX7j2g="},"chainType":2,"messageKeys":{}},"BZjTtKMb/HtPVryIAJCBvGQMAcL4GojA9SA4LVAUMABs":{"chainKey":{"counter":-1,"key":"2ygA04hZ2n6ibCT56UhHu3tkMB2knGK4Z3a+x2lW3KM="},"chainType":1,"messageKeys":{}}}}},"version":"v1"}