{"_sessions":{"BctT7Gd3DVdIHjHi8OPrN/5bCB+CRwNpLfjpeP8zlldE":{"registrationId":1972150304,"currentRatchet":{"ephemeralKeyPair":{"pubKey":"BQXi5PljmY5GrwVFcp1B3mXZoFOI5otcVqbrAX2aYZgt","privKey":"sNNzVAPxate0dk/Xczb9H7eK/qlzHUAGO3SZQVDAL2s="},"lastRemoteEphemeralKey":"BX04KGhHhRr1of/CvBr5lZGDSGDM0BA2y1jtGl24PpQs","previousCounter":0,"rootKey":"G2VsdwNs9xbD2mW1hriCLUYxmreYH9sdqIrTSFGrL0c="},"indexInfo":{"baseKey":"BctT7Gd3DVdIHjHi8OPrN/5bCB+CRwNpLfjpeP8zlldE","baseKeyType":2,"closed":-1,"used":1728977653502,"created":1728977653502,"remoteIdentityKey":"BenqVa4RsGv5QeoN70syqrK6kpWReNo58hajMkalw/ZB"},"_chains":{"BX04KGhHhRr1of/CvBr5lZGDSGDM0BA2y1jtGl24PpQs":{"chainKey":{"counter":0,"key":"khfOLIJtOyAAqyo8oePl9LLDgNAVoEASszgcwyeh5mY="},"chainType":2,"messageKeys":{}},"BQXi5PljmY5GrwVFcp1B3mXZoFOI5otcVqbrAX2aYZgt":{"chainKey":{"counter":-1,"key":"zkwcXzRQu5V5cyuw1Jc6/BGaJyS58hkpN/MQ3CubGCU="},"chainType":1,"messageKeys":{}}}}},"version":"v1"}