{"_sessions":{"BRIlBc27w/sdlCKjrxMInwvTXL5Bu8d3acxPDC0p7ixt":{"registrationId":222845679,"currentRatchet":{"ephemeralKeyPair":{"pubKey":"BQGy06K0ddQOQxOAQPqFoZBjKqGaHTZiP++1nkiICM1p","privKey":"WJYMp4uLArIsffIoXWw2i6/mqcPWd+SlHwkhTO/1oX4="},"lastRemoteEphemeralKey":"BfelqDplpGmEoFIS1Xfp9XK3Dc+OoMt1amHMJTX3eSNg","previousCounter":0,"rootKey":"vaiojtUg/kb+HSF5LZPKlBAlDSJoAXTuzb3TudenqN4="},"indexInfo":{"baseKey":"BRIlBc27w/sdlCKjrxMInwvTXL5Bu8d3acxPDC0p7ixt","baseKeyType":2,"closed":-1,"used":1728977665860,"created":1728977665860,"remoteIdentityKey":"Bbrt8SYTiS3l8uolk3hbkiHoNDXxrgIkoQSl2orwgbRI"},"_chains":{"BfelqDplpGmEoFIS1Xfp9XK3Dc+OoMt1amHMJTX3eSNg":{"chainKey":{"counter":0,"key":"kqmmZq7K11sJWN2mK7OCNIu7oOSKqnOEr6TRzuebfjk="},"chainType":2,"messageKeys":{}},"BQGy06K0ddQOQxOAQPqFoZBjKqGaHTZiP++1nkiICM1p":{"chainKey":{"counter":0,"key":"57G48T8eir5TRwLsmwoJaqyy0bntWBru+4Dju2Ez9l0="},"chainType":1,"messageKeys":{}}}}},"version":"v1"}