{"_sessions":{"BZIBnKCAtspv2mhFYFH1OjaflJVjqovdxQJ8EtpZwDt+":{"registrationId":90,"currentRatchet":{"ephemeralKeyPair":{"pubKey":"BbPB++Wn0pKI4X2nVCyShlqYTuoX7H94brsrcZh0LX50","privKey":"YCtIRihBHRMbDbyEZDF9c9V1rHibAckT1/SbzepD7nI="},"lastRemoteEphemeralKey":"BeYc8uyG9dTl3VS478BOJ9VvqqErbrfXo6t9U72Btygf","previousCounter":0,"rootKey":"SwmLt4rys4npcyrrq/EHCN6o/upiRFXqIuxD76mCFF8="},"indexInfo":{"baseKey":"BZIBnKCAtspv2mhFYFH1OjaflJVjqovdxQJ8EtpZwDt+","baseKeyType":2,"closed":-1,"used":1728977637259,"created":1728977637259,"remoteIdentityKey":"Bf0yUOqF3VUfEuPsxEU3T7AZuisWz4vAwANdd5BJGMkt"},"_chains":{"BeYc8uyG9dTl3VS478BOJ9VvqqErbrfXo6t9U72Btygf":{"chainKey":{"counter":6,"key":"Ge96Uie5gQXhnu16gXtTlgM4iTKp7aEVVzdfnpMWJio="},"chainType":2,"messageKeys":{"1":"yLqLXeow7CNrPyJV5Pfr54Ny3aIFK8p54qNImHXElKE=","2":"zdfqLtjuEoKOB2tK2PZR8JkEkOB5NDcc4Weie5GXnqU=","3":"e26T3jaFS4630pIKZn+LOzFbq0iYam6yf3sOaWUtMD4=","5":"qIDjc4DhQX/BOKYUfJVrUBfcj3+auA4TnCd7+HxaaTc="}},"BbPB++Wn0pKI4X2nVCyShlqYTuoX7H94brsrcZh0LX50":{"chainKey":{"counter":-1,"key":"K4GUYehOMYAdec9CH2+oxMZGXp0n3buVSXlwYqadhDw="},"chainType":1,"messageKeys":{}}}}},"version":"v1"}