{"_sessions":{"BZ0m4wOpP6at/g7OkVzdLkJXL4E/PmVdVbNEFP7dDaw9":{"registrationId":1478948487,"currentRatchet":{"ephemeralKeyPair":{"pubKey":"BZnynFpJ9h7C9FS296D1283FGLCaVIxPJ3WSfmLTFc4Z","privKey":"ePardD9ErpcZQu/093/ih/i7BUGM1egFUhByUJQxEUk="},"lastRemoteEphemeralKey":"BWVWsQyrg5gvNwmHqzsL3v04bN6HoTRgQ1cgfEHZpMFd","previousCounter":5,"rootKey":"KdDuPjSGyRIaHFBeKD55EYN/A/Da+PhVSsBpwcdfaeg="},"indexInfo":{"baseKey":"BZ0m4wOpP6at/g7OkVzdLkJXL4E/PmVdVbNEFP7dDaw9","baseKeyType":2,"closed":-1,"used":1728977746667,"created":1728918602833,"remoteIdentityKey":"BRCQI2lI0kd2U5wCq48g4qRCCug0SrB7nxCqAtQ53qFW"},"_chains":{"BXnXMe8MsIJjyoHjoioOkV6Ue5pqfhTNTXszsrat7eks":{"chainKey":{"counter":5},"chainType":2,"messageKeys":{}},"BTjmUPuqZ3oNkiV6s2su+vN+UP8d41RktOfScIKJ+b8K":{"chainKey":{"counter":19},"chainType":2,"messageKeys":{}},"BbyvMtYNirqGBHOJDDcuhVSWMEZ1HDbTVOkMLsPe9moK":{"chainKey":{"counter":6},"chainType":2,"messageKeys":{}},"Bd0k/dZIIwuzqoxHpb+TuNe3YX3KE2haGXFE3VK3dKAm":{"chainKey":{"counter":0},"chainType":2,"messageKeys":{}},"BSKfeZ24rMCUxQ+6hf+xJJPrGtw0Se6Ky4vRefANn90y":{"chainKey":{"counter":0},"chainType":2,"messageKeys":{}},"Bf28YfdQHZpIwZYALlma3juo2WSyLbH6f4nsjaHeqAZ/":{"chainKey":{"counter":0},"chainType":2,"messageKeys":{}},"Bd3FuYN0TtNJAOToo6cnSAIY9/vwE/01hgUOnNgVs9FY":{"chainKey":{"counter":0},"chainType":2,"messageKeys":{}},"BWVWsQyrg5gvNwmHqzsL3v04bN6HoTRgQ1cgfEHZpMFd":{"chainKey":{"counter":0,"key":"OmALfk+HBExahQpCinWw2qGqGOFylaFxOmz5fgxzzPs="},"chainType":2,"messageKeys":{}},"BZnynFpJ9h7C9FS296D1283FGLCaVIxPJ3WSfmLTFc4Z":{"chainKey":{"counter":26,"key":"QVOcDekpyZ8ZVmIgsjm4oSEKTTT+Yf0lydXP+aXuHkI="},"chainType":1,"messageKeys":{}}}}},"version":"v1"}