{"_sessions":{"BSD2OyGDW4ypTwAHCVJ20NfeC1a198JImeAvE8LjXe80":{"registrationId":1347220815,"currentRatchet":{"ephemeralKeyPair":{"pubKey":"BTAxfUsUpLlcEJkJHW5ej2dw+9uRUaQ7V9t1HCldmt4x","privKey":"cBWDVQ21OXI6srHS3Hu07E6OCQQrOVRMyMqUvo4f/EI="},"lastRemoteEphemeralKey":"BRBOixGTATLn3b+wpaDrA+Q3qrXUcMse9eDZXCzDGy1W","previousCounter":0,"rootKey":"Fg0EpbMxBXM33axi24R7+Yo0oilzy8glK2WihDvbQV0="},"indexInfo":{"baseKey":"BSD2OyGDW4ypTwAHCVJ20NfeC1a198JImeAvE8LjXe80","baseKeyType":2,"closed":-1,"used":1728977637955,"created":1728977637955,"remoteIdentityKey":"BZAk/IHEs0jnU2ytWHfZGojuHKaO3dRRE3aK1r5Ihdt5"},"_chains":{"BRBOixGTATLn3b+wpaDrA+Q3qrXUcMse9eDZXCzDGy1W":{"chainKey":{"counter":0,"key":"U0ofIXNRZB3VWQ622UyHMkgPQYTK7jgCi8Sm1Nilfe8="},"chainType":2,"messageKeys":{}},"BTAxfUsUpLlcEJkJHW5ej2dw+9uRUaQ7V9t1HCldmt4x":{"chainKey":{"counter":-1,"key":"J8Yb7+Smijgwxnsq7PjC0h2CQelwOS2iBxlRYz/9fig="},"chainType":1,"messageKeys":{}}}}},"version":"v1"}