{"_sessions":{"BR8IIn36qAhL5zhHJKZg4QHgxZDrOn/Fje0292sDu0Jz":{"registrationId":1641434776,"currentRatchet":{"ephemeralKeyPair":{"pubKey":"BbbAO98jRUgfcqieifevCIXxebwZC3HPb2Szrd2w241q","privKey":"8Mkq4O9j6sgIBILiMJdxCocPnpiGXl6viIcBsjNtnVs="},"lastRemoteEphemeralKey":"BZOoSsj1VIGdKiCP1ukIa4YTzV6g/c4PhuBHntaF2MB9","previousCounter":0,"rootKey":"d8miQk98+xUmvo04nuiY1WcNOnh9TfsTAyvLtdsrWVA="},"indexInfo":{"baseKey":"BR8IIn36qAhL5zhHJKZg4QHgxZDrOn/Fje0292sDu0Jz","baseKeyType":1,"closed":-1,"used":1728977804942,"created":1728977804942,"remoteIdentityKey":"BQzehZPC5DRj7ueWMENilkJ1Tru6g3p63nA2zvSSHw1i"},"_chains":{"BbbAO98jRUgfcqieifevCIXxebwZC3HPb2Szrd2w241q":{"chainKey":{"counter":0,"key":"14NIXGe46GM/OJ6sIiAFcH3DuS3VAUwB/F00Y9tCOLE="},"chainType":1,"messageKeys":{}}},"pendingPreKey":{"signedKeyId":1,"baseKey":"BR8IIn36qAhL5zhHJKZg4QHgxZDrOn/Fje0292sDu0Jz","preKeyId":6345441}}},"version":"v1"}