{"_sessions":{"BUsHpRjyyQCAJasOpzTgglk4H0/1r22THzV0SkTh4i9y":{"registrationId":2120690061,"currentRatchet":{"ephemeralKeyPair":{"pubKey":"BdvUoi2jh9VOCo22sGErErYY77xgJ5yESOX+GzIcWXpb","privKey":"kBeKnslA5YEiWCq5z+otyEwmz4FK4BDR/HiWaVORjHQ="},"lastRemoteEphemeralKey":"BUuYSZyGw67CEi5JpXxTSl7eRIDHgFzM5OoXJULtmj5T","previousCounter":0,"rootKey":"z/IF1N8O3sbC6EBoYYTBNFe57aDQb8BKCO6i0p36IgU="},"indexInfo":{"baseKey":"BUsHpRjyyQCAJasOpzTgglk4H0/1r22THzV0SkTh4i9y","baseKeyType":2,"closed":-1,"used":1728977640613,"created":1728977640613,"remoteIdentityKey":"BZFEcIif4Vq5Kv829/KXpieiulpgGgwcEtDNqaBQG0gh"},"_chains":{"BUuYSZyGw67CEi5JpXxTSl7eRIDHgFzM5OoXJULtmj5T":{"chainKey":{"counter":0,"key":"zNhbH3TOjzm6cSJEfjNoNCJJIm3AJKrBc0KNHGt/eOU="},"chainType":2,"messageKeys":{}},"BdvUoi2jh9VOCo22sGErErYY77xgJ5yESOX+GzIcWXpb":{"chainKey":{"counter":0,"key":"YWwvrUH9IRaCMm6Yi4NF6cNtgT2uczprdBVxBS5GahE="},"chainType":1,"messageKeys":{}}}}},"version":"v1"}