{"_sessions":{"BaQgvZ9EE0ROmvCpfyqo3E4d65YdnFyE3qb3De6KEXpU":{"registrationId":494115972,"currentRatchet":{"ephemeralKeyPair":{"pubKey":"BSI4Xv/PHXx1I1cCw/w/AtZy7qNGathSzdtyurPNDQpW","privKey":"aFr82SOz5f0gASgww7pc25poCuud2kjqTmsU87p4Mlw="},"lastRemoteEphemeralKey":"Bb7zvaPQcpHXvQMxFr2C36o9KbAyVff9qIZJg2U+dFIY","previousCounter":0,"rootKey":"odwjk2KmENqcQoZHevF3+kHpFrsO6PYU0665LnNqj3Y="},"indexInfo":{"baseKey":"BaQgvZ9EE0ROmvCpfyqo3E4d65YdnFyE3qb3De6KEXpU","baseKeyType":2,"closed":-1,"used":1728977639322,"created":1728977639322,"remoteIdentityKey":"BZsMR45htCnYlSm5333KkT4lahwvlryMcBiXKB9bOMIK"},"_chains":{"Bb7zvaPQcpHXvQMxFr2C36o9KbAyVff9qIZJg2U+dFIY":{"chainKey":{"counter":0,"key":"sRLsAyR+pRRWhpZNwnCOrt8Sm9R8AqzWTz1v/0TGcNQ="},"chainType":2,"messageKeys":{}},"BSI4Xv/PHXx1I1cCw/w/AtZy7qNGathSzdtyurPNDQpW":{"chainKey":{"counter":-1,"key":"6e2PK51cZ54GmWRfkvpwd0QWbB220PrF4GzOhBEaX0I="},"chainType":1,"messageKeys":{}}}}},"version":"v1"}