{"_sessions":{"BQFI3T1jvy/gQIezXA1R+JQsgVdsM1gYRuj90tuBiRcv":{"registrationId":482172000,"currentRatchet":{"ephemeralKeyPair":{"pubKey":"BRmBP7PmKclDGVZimfY/T1YJBio5u+gZKsiI4OpZ2B1+","privKey":"8CjF89NoWQuxBMK4JUgwfvBVpoCgVDIzj0MuD1RgD30="},"lastRemoteEphemeralKey":"BfaBPL7jXaKiy0ErouhyRC6omd+KuA5Qm6KJM+8WeH5i","previousCounter":0,"rootKey":"syPtI7GgjIhb7eWG43tfHpsmGEV8bARCBRhG8M8edb4="},"indexInfo":{"baseKey":"BQFI3T1jvy/gQIezXA1R+JQsgVdsM1gYRuj90tuBiRcv","baseKeyType":2,"closed":-1,"used":1728977640431,"created":1728977640431,"remoteIdentityKey":"Be6DmYeThYAsCPbeWfIHTEd/hfNs+TDyb6zWlc3CDsNa"},"_chains":{"BfaBPL7jXaKiy0ErouhyRC6omd+KuA5Qm6KJM+8WeH5i":{"chainKey":{"counter":0,"key":"uIRfyPZx1Bxu+8tOXRYT8S2K7emyRbO6keo8V+aCRvk="},"chainType":2,"messageKeys":{}},"BRmBP7PmKclDGVZimfY/T1YJBio5u+gZKsiI4OpZ2B1+":{"chainKey":{"counter":-1,"key":"gi9450Gu9KExCuMeT+unKK+OB4BuZ0TGfYQTDzehbC4="},"chainType":1,"messageKeys":{}}}}},"version":"v1"}