{"_sessions":{"BRCQ2YWgdJl4iR8rDNYn3dh2j1TX2ycc8v6iDjyF72tj":{"registrationId":541023970,"currentRatchet":{"ephemeralKeyPair":{"pubKey":"BSiu19/ol9lXgf/ZnX3DyJsQPyHnkPfSDl2shCIQucI4","privKey":"GIWK9sbDrTOujKdIa2fMNDWn5vjgtRHYHF+qWSJaymg="},"lastRemoteEphemeralKey":"BZJwWfUgvfalDfQkF8MkgfP02GzgyFfgleM66rV4O0c6","previousCounter":0,"rootKey":"i/iMZegnw2/M1rTdeGwAXTd1cgIzlFiUMPkx4+CjPsY="},"indexInfo":{"baseKey":"BRCQ2YWgdJl4iR8rDNYn3dh2j1TX2ycc8v6iDjyF72tj","baseKeyType":2,"closed":-1,"used":1728977653927,"created":1728977653927,"remoteIdentityKey":"BZa0LtmzQnL3AlpGF/cdmgP2uso6GnSLU6A9lASUHYZo"},"_chains":{"BZJwWfUgvfalDfQkF8MkgfP02GzgyFfgleM66rV4O0c6":{"chainKey":{"counter":0,"key":"JwBR1OBRNbp0CTAQQ+XcpeV4p3KJpjm2cAl4UH/tDo4="},"chainType":2,"messageKeys":{}},"BSiu19/ol9lXgf/ZnX3DyJsQPyHnkPfSDl2shCIQucI4":{"chainKey":{"counter":-1,"key":"rO8GEFLIjjU/7fkNAMvg+PXd6n/LPwfK+d/Cu6b4Gbg="},"chainType":1,"messageKeys":{}}}}},"version":"v1"}