{"_sessions":{"BQeuGUQtTSZvLWDG+RDwj91eHXXG/cpIn223qLf66vt+":{"registrationId":87965458,"currentRatchet":{"ephemeralKeyPair":{"pubKey":"BY43j16bwSkYzWyIJA0XH/NYEH3g5i9ZcdPAsIzZUDBQ","privKey":"SMTCYL6cewCtU3ALDb0Mn+YQDGj91i83AXyuRrzXHX0="},"lastRemoteEphemeralKey":"Be6EmDfR34hDwR8RI+PIdlCT5K/duJban3AVb5+m+ZA9","previousCounter":0,"rootKey":"+Z2KMrb7VzdIQoX/rINVQBpDAynFy63yLjkSHune5ag="},"indexInfo":{"baseKey":"BQeuGUQtTSZvLWDG+RDwj91eHXXG/cpIn223qLf66vt+","baseKeyType":2,"closed":-1,"used":1728977642298,"created":1728977642298,"remoteIdentityKey":"Bc+9Ez1878N8m9oqTdx1EiwuTA276Wav0MFa1g2ztlcu"},"_chains":{"Be6EmDfR34hDwR8RI+PIdlCT5K/duJban3AVb5+m+ZA9":{"chainKey":{"counter":1,"key":"vjVl4nWs3nDTtC0KGOdCSvbA2Bv9uauPPVVlpphfk0Y="},"chainType":2,"messageKeys":{}},"BY43j16bwSkYzWyIJA0XH/NYEH3g5i9ZcdPAsIzZUDBQ":{"chainKey":{"counter":-1,"key":"J+IDCcRNfn/oAJK0KjeoBxWyT78QegZWIK6+s7mWn2U="},"chainType":1,"messageKeys":{}}}}},"version":"v1"}