{"_sessions":{"BQ77hKIdhZSB83kt3w3VgGhz3Pp4YAU0GpZdlzm6/0QI":{"registrationId":1812226242,"currentRatchet":{"ephemeralKeyPair":{"pubKey":"BQFJaEOhqEWThJz5Sw/W6MQZK1iWXVAJh+tLho/ehzhF","privKey":"iEbAFoP5DysyYO0SbbNqpMktqzIcFpNj50/fFO0qLHo="},"lastRemoteEphemeralKey":"Bbdi6KUJL534siXCLAfAPjNfCr/9R7663OBtB1AYKisP","previousCounter":0,"rootKey":"I8I/8u9zqS43qAMMC2vOPXkNNkWqnCSSXjvG24wceUs="},"indexInfo":{"baseKey":"BQ77hKIdhZSB83kt3w3VgGhz3Pp4YAU0GpZdlzm6/0QI","baseKeyType":2,"closed":-1,"used":1728977648237,"created":1728977648237,"remoteIdentityKey":"BckXjaSIHdcxBISOSd+gk/JeLOsIPHf4py3z20tuAr8T"},"_chains":{"Bbdi6KUJL534siXCLAfAPjNfCr/9R7663OBtB1AYKisP":{"chainKey":{"counter":0,"key":"D769lH3X3L3Rc0yG07p1fU+T4KhKs4iRbFaddy3bOSc="},"chainType":2,"messageKeys":{}},"BQFJaEOhqEWThJz5Sw/W6MQZK1iWXVAJh+tLho/ehzhF":{"chainKey":{"counter":-1,"key":"Vzir4MFI9g14454/SZr+toXR7c6Cm7zBhtumMODAD+A="},"chainType":1,"messageKeys":{}}}}},"version":"v1"}