{"_sessions":{"BbxjvAgO9kkulHEFIZWUJUImaE4swJQoEurivHJ2wklk":{"registrationId":65959895,"currentRatchet":{"ephemeralKeyPair":{"pubKey":"BTll7Cg7yVEgBVAYmRg25789KbWrH4HdSZWKObobg2Nz","privKey":"SNHwijL5XDOrXK9s1tb1MkKK5gv1VwPdUH06FFwWYVY="},"lastRemoteEphemeralKey":"BWQDdVB9QMI0qSVKZD9s2Lwrs4KxjNvF6Fi63jiLLsA+","previousCounter":0,"rootKey":"3Dh8j3VHNsC3J1SQtz66NiRV1EqUqQTqNR9Ff+6FBWY="},"indexInfo":{"baseKey":"BbxjvAgO9kkulHEFIZWUJUImaE4swJQoEurivHJ2wklk","baseKeyType":2,"closed":-1,"used":1728977647507,"created":1728977647507,"remoteIdentityKey":"Bc5F/pZmoVCxeBywWCed72ow8SNMOnkHfVU6ZzUcT4FQ"},"_chains":{"BWQDdVB9QMI0qSVKZD9s2Lwrs4KxjNvF6Fi63jiLLsA+":{"chainKey":{"counter":0,"key":"pBI/wfp5InDp8mA1CqzKh0WQ+weqnuuzikjgIroMq6c="},"chainType":2,"messageKeys":{}},"BTll7Cg7yVEgBVAYmRg25789KbWrH4HdSZWKObobg2Nz":{"chainKey":{"counter":-1,"key":"C7h0sDAzXZV4Tvu5Rny3Susv4z9bbayiKI3lS3DPCEc="},"chainType":1,"messageKeys":{}}}}},"version":"v1"}