{"_sessions":{"BWAfSPTtcv81qPYruF/u4UVaCK75oefprG6yEgY3Ro4M":{"registrationId":148947540,"currentRatchet":{"ephemeralKeyPair":{"pubKey":"BQ40ErLhoOUuiMQh6E4eMBSlqlJOKv6ErP5wxzZfHQx/","privKey":"6ODhDOBhzraM2Zz8CBJ/MatBXiMqqZKK81kj3Vbhx0Y="},"lastRemoteEphemeralKey":"BRuza0YM2SNIJzErGxdSy8hkyyndcb/+HseiOwxoATQr","previousCounter":0,"rootKey":"z5wFYZWagJQhfmgdiYsuRcH4QIy7SglufzQZ0BsI9ss="},"indexInfo":{"baseKey":"BWAfSPTtcv81qPYruF/u4UVaCK75oefprG6yEgY3Ro4M","baseKeyType":2,"closed":-1,"used":1728977637299,"created":1728977637299,"remoteIdentityKey":"BWxS0KhjInTZNTJmFm8LMHRgsms6bYDYHvVyB01fyz91"},"_chains":{"BRuza0YM2SNIJzErGxdSy8hkyyndcb/+HseiOwxoATQr":{"chainKey":{"counter":0,"key":"yMEWRgydK9SqaBxxSA/V2/op1YSXX7677EdGr3TNuqA="},"chainType":2,"messageKeys":{}},"BQ40ErLhoOUuiMQh6E4eMBSlqlJOKv6ErP5wxzZfHQx/":{"chainKey":{"counter":-1,"key":"1kWpwlIqYlN/MmQqKJYM6M0fpvdFBvtEOBcjEaYVQa8="},"chainType":1,"messageKeys":{}}}}},"version":"v1"}