{"_sessions":{"BaXkwqkCZqQv/FaGsj9mH/Jd/+TvpFM/7rAq3gaL7joM":{"registrationId":1395287994,"currentRatchet":{"ephemeralKeyPair":{"pubKey":"BSY+fQnggW+2uG9nViD9z51mN4/9Z+eFJhXbILbFLfIB","privKey":"EJdwwA3v8jVlIjv5YYYgKBnnyfn2Iz0u22WXnRGvo2Q="},"lastRemoteEphemeralKey":"BT2hbH4AHAPhArJp8mhWEzQGWBEbQggVF4d1Q/AGigVv","previousCounter":0,"rootKey":"ELBe8ZnzkG260V2xDvdDBvzM/uxzg+mzLmqwXckiA9c="},"indexInfo":{"baseKey":"BaXkwqkCZqQv/FaGsj9mH/Jd/+TvpFM/7rAq3gaL7joM","baseKeyType":2,"closed":-1,"used":1728977653245,"created":1728977653245,"remoteIdentityKey":"Ba88L8Qp3dMkXc2WcNAwRd+YfmVIsmoyKVUGrfANKb0v"},"_chains":{"BT2hbH4AHAPhArJp8mhWEzQGWBEbQggVF4d1Q/AGigVv":{"chainKey":{"counter":0,"key":"qKvhoVckVHcY1JnN0kGnog1M1VK2IPyKgGutsTD3+Mc="},"chainType":2,"messageKeys":{}},"BSY+fQnggW+2uG9nViD9z51mN4/9Z+eFJhXbILbFLfIB":{"chainKey":{"counter":-1,"key":"2hTAK9t2UIslsrY9VE9Zjmsq6ab7T6QSPREgSDgEIH0="},"chainType":1,"messageKeys":{}}}}},"version":"v1"}