{"_sessions":{"BYMbZubVcp5ofRZj6K46cqzOmxd/REc/rTZJAfTNHJdm":{"registrationId":1816610283,"currentRatchet":{"ephemeralKeyPair":{"pubKey":"BRZ/3GIW0lmi0noYrLydyzTEcQT1Q9keXqUcnJxUNNg3","privKey":"qKV2tLz8vlZ5MNxoT3TAAx1O8GgWuIma7lSkgFT5YWo="},"lastRemoteEphemeralKey":"BafGaGBdamEMobeY/Aax6tklQ1lnViMvaIxzXwYFG61+","previousCounter":0,"rootKey":"4XhEVxlUlJVrqLowdStv3dKURWNN0u35CaHiKOQoO4M="},"indexInfo":{"baseKey":"BYMbZubVcp5ofRZj6K46cqzOmxd/REc/rTZJAfTNHJdm","baseKeyType":2,"closed":-1,"used":1728977641357,"created":1728977641357,"remoteIdentityKey":"BYgwJQ08YJvxzPBwQyxuffbUvQO2cn/frPXFl3tvuLAV"},"_chains":{"BafGaGBdamEMobeY/Aax6tklQ1lnViMvaIxzXwYFG61+":{"chainKey":{"counter":1,"key":"uhRlczYvnWb92gdnQWc/pUvRbG2B/ESK92lmfD+wocg="},"chainType":2,"messageKeys":{}},"BRZ/3GIW0lmi0noYrLydyzTEcQT1Q9keXqUcnJxUNNg3":{"chainKey":{"counter":-1,"key":"f8toyGELvI2akL7ZEUvHQH44teAa4eJACbI9RcOyydY="},"chainType":1,"messageKeys":{}}}}},"version":"v1"}