{"_sessions":{"Bbs4DY23SjuTZ0LoX0Bm8upWdni8VAVDGquywPMqYLxI":{"registrationId":299448106,"currentRatchet":{"ephemeralKeyPair":{"pubKey":"BcQv7bOdROwtm0qbXj9kiy2gx8tmw6ASlftCs+2/Z/BM","privKey":"sBBDMaxhZlbObInRfxvD7/8Xgpx28omO1crUjT1n7Fw="},"lastRemoteEphemeralKey":"BVpeDCESY1K9UcZ43wGOgCfd+ucnEDj6BzViEpYR9Zpt","previousCounter":0,"rootKey":"u++6JrKoCmRvQrimNVeiNwJaRuyH/2pDHqSiM10P1+Y="},"indexInfo":{"baseKey":"Bbs4DY23SjuTZ0LoX0Bm8upWdni8VAVDGquywPMqYLxI","baseKeyType":2,"closed":-1,"used":1728977641994,"created":1728977641994,"remoteIdentityKey":"BcJq6v6P0tob+FRciQl8M/ds57CpxGPyY+G8Jjyj4JRK"},"_chains":{"BVpeDCESY1K9UcZ43wGOgCfd+ucnEDj6BzViEpYR9Zpt":{"chainKey":{"counter":2,"key":"S84hgbNaFkwZd/w+kWH9UllY0blnT6Y6Hu3C6LQYrq0="},"chainType":2,"messageKeys":{}},"BcQv7bOdROwtm0qbXj9kiy2gx8tmw6ASlftCs+2/Z/BM":{"chainKey":{"counter":-1,"key":"dIWKl2q4qqpygDSacLNKu+qr2HAWnnRMH28gV/M/4yk="},"chainType":1,"messageKeys":{}}}}},"version":"v1"}