{"_sessions":{"BdhQvFI1FeaxTEZ7ekxI6iJnuB+Hgy+llDobHrmyh8J1":{"registrationId":299207347,"currentRatchet":{"ephemeralKeyPair":{"pubKey":"BTx3xiXrobE3alkh2XNhHT1JYZlIz+9+OK7UlyvvMvUg","privKey":"AHKSmNFGQdVkW+Dom9qhnSST4vkrP2ocyoVssEpIXH8="},"lastRemoteEphemeralKey":"BfWYQyFg/R8yWU7ZTa9b66SG1KRpRVoW3/wWPm6PRrgt","previousCounter":0,"rootKey":"cxu566ghh06sKm0e/6tH5VWaTCwKXyKSV0Ie7d82f0o="},"indexInfo":{"baseKey":"BdhQvFI1FeaxTEZ7ekxI6iJnuB+Hgy+llDobHrmyh8J1","baseKeyType":2,"closed":-1,"used":1728918656687,"created":1728918656687,"remoteIdentityKey":"BSDWuIrvxI/iVzW8RvYW3tihI+lFJ/OiCiKhxudMPhJ0"},"_chains":{"BfWYQyFg/R8yWU7ZTa9b66SG1KRpRVoW3/wWPm6PRrgt":{"chainKey":{"counter":0,"key":"y6XsVhFFNUDLRtK1+bImuNRzEeaH4HRK7hbAuUGXvTY="},"chainType":2,"messageKeys":{}},"BTx3xiXrobE3alkh2XNhHT1JYZlIz+9+OK7UlyvvMvUg":{"chainKey":{"counter":-1,"key":"I7gdQyxBeMMG9QwIiVfqI4uzebbzFa3wlCfAZoHznCE="},"chainType":1,"messageKeys":{}}}}},"version":"v1"}