{"_sessions":{"BYzZ+3nWe5KNWAcqhy5I+FLVExf5uIHhGmgGZoyxxGs5":{"registrationId":1450894038,"currentRatchet":{"ephemeralKeyPair":{"pubKey":"BWd8mMDYGmmj3UlQZRa0OM+R9BhTNlWbS8OJxFHVtdFq","privKey":"8O65iqrNTbdnMiOkDAHILH3wlhu4eLZZmOHLPIIy8Hc="},"lastRemoteEphemeralKey":"BYE2z5cyA/7QBY1p/9FFSHZKpr5nbOIbNQoKeCrxZt1n","previousCounter":0,"rootKey":"Rdfv7HYdlWPmZ0Rrq/A1SMdmH9chNEr3a+8067I7xjQ="},"indexInfo":{"baseKey":"BYzZ+3nWe5KNWAcqhy5I+FLVExf5uIHhGmgGZoyxxGs5","baseKeyType":2,"closed":-1,"used":1728977663040,"created":1728977663040,"remoteIdentityKey":"BSVgLWafrOkRUyJCTHHHT0dEdIXpOyrPbYAwpRmzgDhM"},"_chains":{"BYE2z5cyA/7QBY1p/9FFSHZKpr5nbOIbNQoKeCrxZt1n":{"chainKey":{"counter":0,"key":"2zZQN1EsrVdGU3TOBbckfddKkbAX3g73hGBxVsCaVzY="},"chainType":2,"messageKeys":{}},"BWd8mMDYGmmj3UlQZRa0OM+R9BhTNlWbS8OJxFHVtdFq":{"chainKey":{"counter":0,"key":"VWs9cNCQAYJlQ1F1ADs4VPhu+9dk1X6qI8aL/rRWWZA="},"chainType":1,"messageKeys":{}}}}},"version":"v1"}