{"_sessions":{"BYwWksxtpf0kmikgZYNKZnVwtoL6tJ9mWfiDn6c4LsR+":{"registrationId":1347810236,"currentRatchet":{"ephemeralKeyPair":{"pubKey":"Bcfjn625HuZNrqb0UuNKqtWlNOzMW/c8dEbLYTyknRIn","privKey":"sJCGJJTP9aXjcnEnqdWVUFfiupF4leIhrASuXTIWWGc="},"lastRemoteEphemeralKey":"BdbdnZbjluvSfrqRvhC4p2cs46zzqgHq5/SfD4ZOGOsD","previousCounter":0,"rootKey":"bsW+zSIZo4wGwvtJ0shKH1D4UhCRuKW0fuNkdD+7mB8="},"indexInfo":{"baseKey":"BYwWksxtpf0kmikgZYNKZnVwtoL6tJ9mWfiDn6c4LsR+","baseKeyType":2,"closed":-1,"used":1728977638472,"created":1728977638472,"remoteIdentityKey":"Ba4EtrKVOPV35O8DssXeM7uKXC72j1X5ele8WqKUDA9S"},"_chains":{"BdbdnZbjluvSfrqRvhC4p2cs46zzqgHq5/SfD4ZOGOsD":{"chainKey":{"counter":1,"key":"DeNjyJMsRICWt9i9h75AQ85gb7za7in5XWi3/mN4CYU="},"chainType":2,"messageKeys":{}},"Bcfjn625HuZNrqb0UuNKqtWlNOzMW/c8dEbLYTyknRIn":{"chainKey":{"counter":-1,"key":"u1e9b8/TvTCIuMp75L9YiV+dnBD6Whmi9dooVfrkBC8="},"chainType":1,"messageKeys":{}}}}},"version":"v1"}