{"_sessions":{"BeD5XEzJCN1fh1b3yURYigY5K2Z0LfBmJ/xadjYrchs6":{"registrationId":4406,"currentRatchet":{"ephemeralKeyPair":{"pubKey":"BRCTfZZrWuAY60b/WFq1nil6+W5VUDeVxwNCFnBK6bVS","privKey":"YPpVrAZrFxj6wco6OCGtFXsagu8XilCOOddjheEJJ0Y="},"lastRemoteEphemeralKey":"BZYjI/TPyRehYEoYQ7FlBdvHMdyHt0/xqjP22fo3Duoo","previousCounter":0,"rootKey":"8+zfkn9Gb+wiJ5xe3vxpAtf0ElVOHw/0AZI7aOXsrjc="},"indexInfo":{"baseKey":"BeD5XEzJCN1fh1b3yURYigY5K2Z0LfBmJ/xadjYrchs6","baseKeyType":2,"closed":-1,"used":1728977642411,"created":1728977642411,"remoteIdentityKey":"BUiNHmdBzK7AKm6hm0WE4N8k4S5QLdtMkimxdmfa4xor"},"_chains":{"BZYjI/TPyRehYEoYQ7FlBdvHMdyHt0/xqjP22fo3Duoo":{"chainKey":{"counter":1,"key":"Uhyz7TlcChQlNq2DnTmitBw9yuIeFEL03iVxtILoG1Q="},"chainType":2,"messageKeys":{}},"BRCTfZZrWuAY60b/WFq1nil6+W5VUDeVxwNCFnBK6bVS":{"chainKey":{"counter":-1,"key":"vM3IZvs0AsKUItqFq8fn+ebeEwHYl0MojVT6ZWqfMj8="},"chainType":1,"messageKeys":{}}}}},"version":"v1"}