{"_sessions":{"BZc40anG+YhqdEzgdNKAnN8R3JmnWhnLCx2eHrQxyTtk":{"registrationId":334099618,"currentRatchet":{"ephemeralKeyPair":{"pubKey":"BXz+4Bblxft66wSKYgPara7i6yXON3uIE2fBymydFbkz","privKey":"iBGTmtLM28yde6olYj4YqxtBICTZq0BIA8Y0V4WTt0A="},"lastRemoteEphemeralKey":"BQEhlJ+WdAVgZ4n4G6o2aX8nMkLagVwWY3bYDxMH87IL","previousCounter":0,"rootKey":"dVkg5m7sstvjn7hGlvDAaK07C8Kc3hKQSU88c0p9amk="},"indexInfo":{"baseKey":"BZc40anG+YhqdEzgdNKAnN8R3JmnWhnLCx2eHrQxyTtk","baseKeyType":1,"closed":-1,"used":1728977639498,"created":1728918655870,"remoteIdentityKey":"BRopYhh25nKoChiQJeG8XxEorxHij4iMcovh3wYnFUMw"},"_chains":{"BQEhlJ+WdAVgZ4n4G6o2aX8nMkLagVwWY3bYDxMH87IL":{"chainKey":{"counter":0,"key":"M86W6aS2nDBfG5oKioRaRiqZjjc85q0+M5x14qt4NK0="},"chainType":2,"messageKeys":{}},"BXz+4Bblxft66wSKYgPara7i6yXON3uIE2fBymydFbkz":{"chainKey":{"counter":21,"key":"PmfWU0tpbawz1MCrFnIj8af7Yhd+KHKpTtU6+eeZy4g="},"chainType":1,"messageKeys":{}}}}},"version":"v1"}