{"_sessions":{"BUn6JMsviATRytgAZTYRDC2Sg/XNzb6d4SKqClmSUsdc":{"registrationId":1715168516,"currentRatchet":{"ephemeralKeyPair":{"pubKey":"BbyycEJTnnc945lE9hFuw1YtWFKFFrxhdaUlta2ZGNBZ","privKey":"gLbgHo9D/qIMGhzVWDNTnqI1aeJRBhCHvwlkqOfEfX8="},"lastRemoteEphemeralKey":"BZcqp4iyvld7/cATMjF8z/K8s4hTR0Sjh8gKKOTklFYE","previousCounter":0,"rootKey":"Ny40U7vG5g8ZDcgs+OX3SjPTD88uBkEtxUZmA4/FPGE="},"indexInfo":{"baseKey":"BUn6JMsviATRytgAZTYRDC2Sg/XNzb6d4SKqClmSUsdc","baseKeyType":2,"closed":-1,"used":1728977643555,"created":1728977643555,"remoteIdentityKey":"BSeNjguEBzthfabQpkKh+YZbslSQKBetIM7P1XzJaks3"},"_chains":{"BZcqp4iyvld7/cATMjF8z/K8s4hTR0Sjh8gKKOTklFYE":{"chainKey":{"counter":1,"key":"4CkmgJNKxWGU2J260oLKSdyiVdfEkAR17i5wG/pbekU="},"chainType":2,"messageKeys":{}},"BbyycEJTnnc945lE9hFuw1YtWFKFFrxhdaUlta2ZGNBZ":{"chainKey":{"counter":-1,"key":"efFDVsImXQexK43kEmKQtzotGpe4zzUOFpSDAUJkb5M="},"chainType":1,"messageKeys":{}}}}},"version":"v1"}