{"_sessions":{"BSPS+snmr0Gi4lhZuYez3/d6U3oxrYdVnpYveyM2TX9L":{"registrationId":1926825408,"currentRatchet":{"ephemeralKeyPair":{"pubKey":"Baz2g00mAiOD0mnUjv8FLFeyYCMpW2oEr+O4+c64PFsT","privKey":"4MRtY+HumWnalPKMfL1uOey6oPhtVd8nM5Sq3CESKmE="},"lastRemoteEphemeralKey":"BWYWC/KIvWVY9vA80l0iEBMdp+qYQulCO379L9ByAbYy","previousCounter":0,"rootKey":"dW8CsAcOF3PDYCtGoJErrMSZdRbuXFU/hsS4bnDxpxU="},"indexInfo":{"baseKey":"BSPS+snmr0Gi4lhZuYez3/d6U3oxrYdVnpYveyM2TX9L","baseKeyType":2,"closed":-1,"used":1728977663287,"created":1728977663287,"remoteIdentityKey":"BY3N7Uikj8FBAE7iQba4E7l7BuLc9jxKJqBjhumFaG1l"},"_chains":{"BWYWC/KIvWVY9vA80l0iEBMdp+qYQulCO379L9ByAbYy":{"chainKey":{"counter":0,"key":"y14KesCQj6zNwyUPCs77oo/fr+y6RRFvTInVMinglkU="},"chainType":2,"messageKeys":{}},"Baz2g00mAiOD0mnUjv8FLFeyYCMpW2oEr+O4+c64PFsT":{"chainKey":{"counter":-1,"key":"36vHioiE2PINzaqwwhOAlB9WfLJYHYokK6c+7G7iSl0="},"chainType":1,"messageKeys":{}}}}},"version":"v1"}