{"_sessions":{"BTP8b/wVcTN8IFYFAqt95Z5IcjWgr9gDjd6EWtFCrDo2":{"registrationId":1218797589,"currentRatchet":{"ephemeralKeyPair":{"pubKey":"BVMO/0OrKT6R5YW4TQY6ZEAKF0tN+ln4iMHUqOEhnyNn","privKey":"sDXFnzGLBI4IzWRWZfTpifKm8u1vKxZ1J8JHsKxMtHA="},"lastRemoteEphemeralKey":"BY9Nsg9VAVg7WKgrhIEgpb7+ubR7H1HF/4nr3y/c9FIi","previousCounter":0,"rootKey":"MB3KbT7c7wX/qX3+LMvWIHzNi2HutKoWfS9NOL+SUQo="},"indexInfo":{"baseKey":"BTP8b/wVcTN8IFYFAqt95Z5IcjWgr9gDjd6EWtFCrDo2","baseKeyType":2,"closed":-1,"used":1728977640212,"created":1728977640212,"remoteIdentityKey":"BYfoT8knGNmNgCdrZkXqMMDOO9xtpKhQBnbcI5Whb9Rg"},"_chains":{"BY9Nsg9VAVg7WKgrhIEgpb7+ubR7H1HF/4nr3y/c9FIi":{"chainKey":{"counter":1,"key":"462MqhsLS+C4HMOLBDUS1dnl7oLP6IYUX3NZyhEiGOA="},"chainType":2,"messageKeys":{}},"BVMO/0OrKT6R5YW4TQY6ZEAKF0tN+ln4iMHUqOEhnyNn":{"chainKey":{"counter":-1,"key":"RgdO0zzIq2PQ9iyf+Gc7/wyO9EFPeJMYPkjUhg/SryQ="},"chainType":1,"messageKeys":{}}}}},"version":"v1"}