{"_sessions":{"BUHb9rkfYucWzoh99mXzqOsTAcfbCapnHRSows05tzY5":{"registrationId":950076082,"currentRatchet":{"ephemeralKeyPair":{"pubKey":"BZD+M3ngZHIdTi30VArwyOAnRaPshIlfykxexp5Zk0MC","privKey":"0F+oBjF23xYpqCXO8sqwKI7dZlzUDUaoeKzfQ4Ou13g="},"lastRemoteEphemeralKey":"BQkG/RqJNHWdja4GThCzUdap68Idss/KxaGUOXjAqg4e","previousCounter":0,"rootKey":"D6qqwmRv4HUaYx/7qDdY6Mi+MU9u3wqiS52D3F9vBfk="},"indexInfo":{"baseKey":"BUHb9rkfYucWzoh99mXzqOsTAcfbCapnHRSows05tzY5","baseKeyType":2,"closed":-1,"used":1728977641317,"created":1728977641317,"remoteIdentityKey":"BQHLHvyy+fsBukAdgf2660XI1EiVNcyWjjABA7oCdXMO"},"_chains":{"BQkG/RqJNHWdja4GThCzUdap68Idss/KxaGUOXjAqg4e":{"chainKey":{"counter":1,"key":"r4zUuj9XIib/5SPJSzcRMyiYSLHA2oc2imDv1I+Uhps="},"chainType":2,"messageKeys":{}},"BZD+M3ngZHIdTi30VArwyOAnRaPshIlfykxexp5Zk0MC":{"chainKey":{"counter":-1,"key":"G5qixRyeJtxUuYoCX8SDrQQR+POoi9TxXDPr8wrt+KY="},"chainType":1,"messageKeys":{}}}}},"version":"v1"}