{"_sessions":{"BYwEo2lz7WMuxbA7Ix8/xv6zbz5hJrppA+gBZ7g/AFUe":{"registrationId":2051450485,"currentRatchet":{"ephemeralKeyPair":{"pubKey":"BSN/BTtdmK7Ka6dM5BLuoc5YS+oZHCP0wqz3Xv5/1FFa","privKey":"AGaE0nLB0LKsEgmRMLoR52sALoJve1dVx4HN+iHO72U="},"lastRemoteEphemeralKey":"BWGyp6G4Xg4HcNdZH7renAWw6+Y8gFrI4c6ypcHQojVQ","previousCounter":0,"rootKey":"kCAs7iqGNcEL+QIlodAjNfOui4DMPm5XNC2BEwJig1g="},"indexInfo":{"baseKey":"BYwEo2lz7WMuxbA7Ix8/xv6zbz5hJrppA+gBZ7g/AFUe","baseKeyType":2,"closed":-1,"used":1728977623681,"created":1728977623681,"remoteIdentityKey":"BWDo+39aRP7uclfrsY5i6qBF+t0q4/Bh3GC2MVdDPNom"},"_chains":{"BWGyp6G4Xg4HcNdZH7renAWw6+Y8gFrI4c6ypcHQojVQ":{"chainKey":{"counter":0,"key":"Y4bH55lWWlok7MZ+23WCPD6RgfdbnRdWwFpSjfMHPPQ="},"chainType":2,"messageKeys":{}},"BSN/BTtdmK7Ka6dM5BLuoc5YS+oZHCP0wqz3Xv5/1FFa":{"chainKey":{"counter":-1,"key":"WADM7sRP/MF6yk6x4C2xZvawvMx18JJT84SEzdxtftw="},"chainType":1,"messageKeys":{}}}}},"version":"v1"}