{"_sessions":{"BQeZ56W5xlieLc/f+FFqNIJXnGOKoDirPkEDH6zK+htg":{"registrationId":1781470086,"currentRatchet":{"ephemeralKeyPair":{"pubKey":"Bb6kaKS0pkqGmzGlM/hHrgaW9ITVZxwwSptPe5ZPnogW","privKey":"OBTqtEWrRtSgAI5cbVjyejBanC7I8KXcFp3Wh6/9I1A="},"lastRemoteEphemeralKey":"BfHpxHNvQ29HcQSoYxMh8s48eXHprdNy3cTqvYb00FgV","previousCounter":0,"rootKey":"ab1HW0NIxMIJYyoB53cSYPJmKIKilIZVcKEeL6+4EnA="},"indexInfo":{"baseKey":"BQeZ56W5xlieLc/f+FFqNIJXnGOKoDirPkEDH6zK+htg","baseKeyType":2,"closed":-1,"used":1728977649304,"created":1728977649304,"remoteIdentityKey":"BVrInEIeDIhTFjUfagmIvyWpH8xia4xKe8LMgJAo1+c7"},"_chains":{"BfHpxHNvQ29HcQSoYxMh8s48eXHprdNy3cTqvYb00FgV":{"chainKey":{"counter":0,"key":"Pyrhd1C9arCiCyHsgbk//uZMAq14PjgxT3svDmU+mug="},"chainType":2,"messageKeys":{}},"Bb6kaKS0pkqGmzGlM/hHrgaW9ITVZxwwSptPe5ZPnogW":{"chainKey":{"counter":-1,"key":"8tzbLZbWx8AmeGeF+zUWLEjdlaEFmTl320TtOGA482E="},"chainType":1,"messageKeys":{}}}}},"version":"v1"}