{"_sessions":{"BYOWy7PQyuvkgn+eID3pRue+wXfRvEdVb2wm3Y69ouNb":{"registrationId":1669856695,"currentRatchet":{"ephemeralKeyPair":{"pubKey":"BTpAjbkLbrla24UAKhFqKjCZV1xEp0nPJygbGbqACaFX","privKey":"GO6F5kOiDf0mlgYNtBtgN1Uu6cFHXL1zsWsD/ZtkfFI="},"lastRemoteEphemeralKey":"BapJ/p422i3qfT/rOhNnHUFMyLNYJUDZe4eXYTT00dU1","previousCounter":0,"rootKey":"0CXodOeLOB8LF+f6zYP+Q4UWYCdQSY03ISyou3bweH0="},"indexInfo":{"baseKey":"BYOWy7PQyuvkgn+eID3pRue+wXfRvEdVb2wm3Y69ouNb","baseKeyType":2,"closed":-1,"used":1728977647205,"created":1728977647205,"remoteIdentityKey":"BXRXiVTQdeHhDGGZGg69MxwwSsgyoswSIonmBKk4/acP"},"_chains":{"BapJ/p422i3qfT/rOhNnHUFMyLNYJUDZe4eXYTT00dU1":{"chainKey":{"counter":0,"key":"RD0nNNijLQUqmBB/Wiam4elI8r1R0ZHyrVRYUn0XJOo="},"chainType":2,"messageKeys":{}},"BTpAjbkLbrla24UAKhFqKjCZV1xEp0nPJygbGbqACaFX":{"chainKey":{"counter":-1,"key":"pU6v6eXpZicSDmUMqpSaWRlcABiriACUeVry0dAJVPA="},"chainType":1,"messageKeys":{}}}}},"version":"v1"}