{"_sessions":{"BRimgnFuuoi1WZzgUFByj+nzIxhn85XjxfcJ/X6d15gJ":{"registrationId":13731,"currentRatchet":{"ephemeralKeyPair":{"pubKey":"BTzEOD4c6JdA+hZfzzDAH4XXRH3dsoKRuC+c3UTtX/No","privKey":"sMw7IgrTYltZN+qndX8k1hVMGoZcKk1np4b8cc9jG3c="},"lastRemoteEphemeralKey":"BbZ0rnIRZHTiH4wTsFqEzeXuUXReFb+wkiRtJpFPIUt8","previousCounter":10,"rootKey":"FYFbnKdbzYsGuJ0CBoXg5AmYI6vIco34WY8bjqOjolI="},"indexInfo":{"baseKey":"BRimgnFuuoi1WZzgUFByj+nzIxhn85XjxfcJ/X6d15gJ","baseKeyType":1,"closed":-1,"used":1728977803396,"created":1728918655842,"remoteIdentityKey":"BaQ6e0RgJtYRskemU/XMQyJTPdcZBd8wNHa66EzC7vZO"},"_chains":{"BVLucoJCAT2uVTOnFSFBgZCxSu4MC1IkPH2wStjtahYA":{"chainKey":{"counter":1},"chainType":2,"messageKeys":{}},"BbZ0rnIRZHTiH4wTsFqEzeXuUXReFb+wkiRtJpFPIUt8":{"chainKey":{"counter":5,"key":"rtLDJsiQYPw+XVEKq9jQrCd4Gxy7s/wFXr4/jjYq4IE="},"chainType":2,"messageKeys":{}},"BTzEOD4c6JdA+hZfzzDAH4XXRH3dsoKRuC+c3UTtX/No":{"chainKey":{"counter":10,"key":"hEa6XCwl1fkuqJd15J4sXA0Cos+ITNgfB9rfz/MXXq8="},"chainType":1,"messageKeys":{}}}}},"version":"v1"}