{"_sessions":{"BewKq4sdz2pC67Qt2sBmQPlYi8iAxqrkO+BmItJcOPgH":{"registrationId":1432336729,"currentRatchet":{"ephemeralKeyPair":{"pubKey":"BSyWq/u9Rb7A2jViChJuUsGdBLcRwvaIho4EtHP+rt4M","privKey":"KLLoy64LT8o/gp4vZtKaOn2A3Jv5hLzhSbReQLUibnc="},"lastRemoteEphemeralKey":"BZZrR+vC9bu788VC4tskqsUoZkHPpe63NdFlmbY88tMz","previousCounter":0,"rootKey":"b0x+cros3r8oMyOU/N5PhSSMgfJmvn9g8IcgPynuMm8="},"indexInfo":{"baseKey":"BewKq4sdz2pC67Qt2sBmQPlYi8iAxqrkO+BmItJcOPgH","baseKeyType":1,"closed":-1,"used":1728977649246,"created":1728918655879,"remoteIdentityKey":"BaB0pKYk9AruauCRiWW0S/qs4tqBOGAg6VduEZnWNf8M"},"_chains":{"BZZrR+vC9bu788VC4tskqsUoZkHPpe63NdFlmbY88tMz":{"chainKey":{"counter":1,"key":"UsQ8+aCn8itXQOILngE8nevxc578PHn99Jl/aedfRZ0="},"chainType":2,"messageKeys":{}},"BSyWq/u9Rb7A2jViChJuUsGdBLcRwvaIho4EtHP+rt4M":{"chainKey":{"counter":0,"key":"LHrs+w9cSK4Ao6X1Sha3tTp+v5bMeR9jzFmK3Pb2zLM="},"chainType":1,"messageKeys":{}}}}},"version":"v1"}