{"_sessions":{"BRPcuapP8XWti56jNCEaZQpM458wUKfXPqdE36nF++p+":{"registrationId":776323068,"currentRatchet":{"ephemeralKeyPair":{"pubKey":"BRd+yzz0FDa4YQJM1z/2flKeOLbEJ/NQ8xVZyunmM2d1","privKey":"4HT+zynbKLqiDn751XZJKSs80JakKTb3Ioxf+e72snY="},"lastRemoteEphemeralKey":"BbArk4fX+ivhCwq8abameZQVeim4Z79Lb0IvHlnPLshm","previousCounter":0,"rootKey":"QLu+RvYhHUxFCU1Mc2qOqI6Dt+Pc20zpru3hXYBtAa4="},"indexInfo":{"baseKey":"BRPcuapP8XWti56jNCEaZQpM458wUKfXPqdE36nF++p+","baseKeyType":2,"closed":-1,"used":1728977666785,"created":1728977666785,"remoteIdentityKey":"Bc+hm/Cse95fUrox6qGOIc6SvpniLVQ+edkLSqpV2dUu"},"_chains":{"BbArk4fX+ivhCwq8abameZQVeim4Z79Lb0IvHlnPLshm":{"chainKey":{"counter":0,"key":"YvQ9+kSien2TAPJ8G69kMavToyPDOHWZqC+gVzTbOoI="},"chainType":2,"messageKeys":{}},"BRd+yzz0FDa4YQJM1z/2flKeOLbEJ/NQ8xVZyunmM2d1":{"chainKey":{"counter":-1,"key":"OI+ByR5ACjas7btIbDz9AxGxmytQkh+kvVbwCCbgVm8="},"chainType":1,"messageKeys":{}}}}},"version":"v1"}