{"_sessions":{"BbOVN9BlBiGlIn4tUSODzuHnvnYNDyfKgko8JJrmXJ4c":{"registrationId":600375402,"currentRatchet":{"ephemeralKeyPair":{"pubKey":"BXZ5BCTYgqjK0AuJeO7ihjH1yf52A2Xbi/Eezve6wcgu","privKey":"sHQUW9SDkLwGjkdw0coy8576bQB9g2c8PECeIGxfflk="},"lastRemoteEphemeralKey":"Be5bw/B3WIXe11gNdPoQKbmhHxeicdEu3pKtSn/Dk358","previousCounter":0,"rootKey":"Pp27E4pTqPgYFKPF/r++inhnrjs1XOTC0VL5gZgSYuA="},"indexInfo":{"baseKey":"BbOVN9BlBiGlIn4tUSODzuHnvnYNDyfKgko8JJrmXJ4c","baseKeyType":1,"closed":-1,"used":1728977804990,"created":1728977804990,"remoteIdentityKey":"BZ7qzFOU0KPxgxb/T0sYBWYlZ2aFcTvWxD7bNI5/duhg"},"_chains":{"BXZ5BCTYgqjK0AuJeO7ihjH1yf52A2Xbi/Eezve6wcgu":{"chainKey":{"counter":0,"key":"cwBBxzbdTZlLu/rpNPILgxXFCEq0mbcMZUSWme1s1O4="},"chainType":1,"messageKeys":{}}},"pendingPreKey":{"signedKeyId":12,"baseKey":"BbOVN9BlBiGlIn4tUSODzuHnvnYNDyfKgko8JJrmXJ4c","preKeyId":7382529}}},"version":"v1"}