{"_sessions":{"BbQ78J8uLK8ckWcfa3TAJcNj8HjcMWy3OxudsZBNfGtN":{"registrationId":958358312,"currentRatchet":{"ephemeralKeyPair":{"pubKey":"BRjx66tRSQJ00sP3c5MU/bNsisTHj+dUnJaw607vMQ8k","privKey":"eDPziI4+gxNkyqqagX9dqxgiiUtZF+M1CZam5Stcu2U="},"lastRemoteEphemeralKey":"BZjrJP7GtL2L+dTKWmwoS7nlNg8mSeuaBzN4kiJBbwx6","previousCounter":0,"rootKey":"XwZHupEVnp+r0smxyv9OLIavhpm6nq//d668MJM4R0A="},"indexInfo":{"baseKey":"BbQ78J8uLK8ckWcfa3TAJcNj8HjcMWy3OxudsZBNfGtN","baseKeyType":2,"closed":-1,"used":1728977640316,"created":1728977640316,"remoteIdentityKey":"BfzRfqcr/P8GgwVu8X63JgVmVbZFItLlKLO5s95Om1hT"},"_chains":{"BZjrJP7GtL2L+dTKWmwoS7nlNg8mSeuaBzN4kiJBbwx6":{"chainKey":{"counter":1,"key":"8WPe2/TjXUNM0b3yDwwd4sa41T+VhWcF7vJB2WuBLfU="},"chainType":2,"messageKeys":{}},"BRjx66tRSQJ00sP3c5MU/bNsisTHj+dUnJaw607vMQ8k":{"chainKey":{"counter":-1,"key":"7grPlhPR5gblry7Jif7b/dNa8Xmt0xFVzbK91BcUQjg="},"chainType":1,"messageKeys":{}}}}},"version":"v1"}